Booking ID,Customer ID,Customer Name,Booking Type,Booking Date,Status,Time Slot,Duration(mins),Price,Facility
279d,0090,Customer 1,Facility,2025-05-30,Pending,10:00 AM,90,43,Party Room
415b,b82d,Customer 2,Birthday Party,2025-05-29,Pending,02:00 PM,84,182,Party Room
2100,6bbb,Customer 3,Birthday Party,2025-05-09,Confirmed,11:00 AM,120,208,Play Area
7493,f16f,Customer 4,Birthday Party,2025-06-07,Pending,12:00 PM,90,203,Play Area
6272,eb29,Customer 5,Class,2025-04-13,Pending,03:00 PM,120,161,No Facility
6fe4,7d3d,Customer 6,Birthday Party,2025-05-10,Confirmed,11:00 AM,45,278,Party Room
ab8e,a0e0,Customer 7,Facility,2025-05-18,Pending,02:00 PM,84,162,Party Room
8f0f,7fe0,Customer 8,Birthday Party,2025-04-23,Confirmed,02:00 PM,84,283,Party Room
d10d,4dc3,Customer 9,Birthday Party,2025-05-19,Confirmed,02:00 PM,84,0,Party Room
13e5,87eb,Customer 10,Facility,2025-06-02,Pending,04:00 PM,90,44,Play Area
a0f4,4482,Customer 11,Birthday Party,2025-04-08,Pending,02:00 PM,84,48,Party Room
fb50,22ad,Customer 12,Class,2025-04-20,Pending,01:00 PM,45,186,No Facility
e04b,a94b,Customer 13,Birthday Party,2025-06-11,Pending,02:00 PM,84,198,Play Area
74b8,6a0d,Customer 14,Class,2025-06-04,Pending,04:00 PM,120,83,No Facility
e6bc,1a24,Customer 15,Facility,2025-04-06,Pending,10:00 AM,90,181,Play Area
e8e2,489a,Customer 16,Class,2025-05-10,Confirmed,10:00 AM,90,31,No Facility
9bdf,41e8,Customer 17,Class,2025-03-26,Pending,02:00 PM,84,0,No Facility
c340,90c4,Customer 18,Facility,2025-04-25,Confirmed,09:00 AM,120,0,Party Room
75c5,cd52,Customer 19,Class,2025-05-29,Confirmed,02:00 PM,84,173,No Facility
998c,e6a1,Customer 20,Class,2025-03-31,Pending,02:00 PM,84,0,No Facility
1321,0854,Customer 21,Birthday Party,2025-05-13,Confirmed,11:00 AM,90,151,Play Area
9066,9b2e,Customer 22,Class,2025-05-20,Confirmed,11:00 AM,45,162,No Facility
b15b,4934,Customer 23,Class,2025-03-30,Pending,12:00 PM,120,116,No Facility
848f,35ea,Customer 24,Birthday Party,2025-06-10,Pending,09:00 AM,120,135,Play Area
0ee7,dbc6,Customer 25,Birthday Party,2025-06-03,Pending,10:00 AM,90,121,Party Room
9640,9d8d,Customer 26,Class,2025-05-19,Pending,09:00 AM,120,74,No Facility
f7de,d4eb,Customer 27,Birthday Party,2025-04-26,Pending,09:00 AM,45,225,Play Area
4fe3,a109,Customer 28,Class,2025-04-26,Pending,01:00 PM,120,299,No Facility
f822,80bd,Customer 29,Class,2025-04-24,Pending,04:00 PM,45,277,No Facility
ff45,78bd,Customer 30,Birthday Party,2025-05-29,Pending,04:00 PM,45,18,Play Area
fdfd,6f05,Customer 31,Class,2025-05-19,Confirmed,03:00 PM,120,0,No Facility
35fd,2f18,Customer 32,Class,2025-05-30,Pending,02:00 PM,84,90,No Facility
b27c,16c4,Customer 33,Class,2025-05-10,Pending,01:00 PM,120,226,No Facility
614b,882f,Customer 34,Facility,2025-06-15,Pending,01:00 PM,45,215,Party Room
0f97,2059,Customer 35,Class,2025-04-25,Pending,09:00 AM,45,296,No Facility
9acf,72bf,Customer 36,Birthday Party,2025-05-10,Pending,01:00 PM,45,296,Play Area
08ef,abe3,Customer 37,Birthday Party,2025-05-01,Pending,05:00 PM,45,19,Party Room
be79,17da,Customer 38,Facility,2025-04-27,Pending,04:00 PM,90,50,Party Room
ea87,512e,Customer 39,Facility,2025-03-28,Pending,10:00 AM,45,174,Play Area
db77,d40e,Customer 40,Class,2025-05-26,Confirmed,03:00 PM,90,136,No Facility
faf9,258e,Customer 41,Facility,2025-03-25,Pending,09:00 AM,120,43,Play Area
ddb2,3acb,Customer 42,Facility,2025-06-05,Confirmed,04:00 PM,120,187,Play Area
81e6,2478,Customer 43,Class,2025-06-07,Pending,11:00 AM,90,262,No Facility
4f64,056b,Customer 44,Birthday Party,2025-05-15,Confirmed,10:00 AM,45,254,Play Area
a6a8,aba1,Customer 45,Class,2025-04-24,Pending,01:00 PM,120,193,No Facility
b652,e579,Customer 46,Facility,2025-05-08,Confirmed,01:00 PM,45,246,Play Area
a0d1,d857,Customer 47,Class,2025-05-04,Pending,11:00 AM,120,181,No Facility
3d1b,d870,Customer 48,Facility,2025-06-22,Confirmed,02:00 PM,84,56,Party Room
8d1d,bf91,Customer 49,Class,2025-04-01,Pending,11:00 AM,90,98,No Facility
3c39,cab9,Customer 50,Class,2025-04-23,Pending,09:00 AM,45,58,No Facility
a67f,c4d0,Customer 51,Class,2025-04-14,Confirmed,12:00 PM,45,299,No Facility
b536,a67c,Customer 52,Class,2025-06-02,Confirmed,02:00 PM,84,70,No Facility
606f,a8fe,Customer 53,Facility,2025-05-14,Confirmed,09:00 AM,45,70,Party Room
61d1,c7e1,Customer 54,Birthday Party,2025-06-10,Confirmed,12:00 PM,90,195,Play Area
2615,a81d,Customer 55,Facility,2025-04-01,Confirmed,04:00 PM,120,257,Party Room
c694,04c8,Customer 56,Facility,2025-05-04,Confirmed,05:00 PM,90,91,Play Area
d732,0ccd,Customer 57,Facility,2025-05-05,Confirmed,12:00 PM,90,99,Party Room
680e,5b78,Customer 58,Facility,2025-06-07,Confirmed,12:00 PM,90,273,Play Area
b66a,8182,Customer 59,Class,2025-05-10,Confirmed,01:00 PM,120,0,No Facility
b232,db99,Customer 60,Birthday Party,2025-06-13,Confirmed,12:00 PM,45,280,Party Room
1bc2,e6dc,Customer 61,Facility,2025-05-07,Confirmed,02:00 PM,84,74,Play Area
a27b,2f53,Customer 62,Birthday Party,2025-05-16,Pending,05:00 PM,120,260,Party Room
6d00,aac7,Customer 63,Facility,2025-04-25,Pending,02:00 PM,90,52,Play Area
b3df,f78e,Customer 64,Facility,2025-04-30,Pending,02:00 PM,84,229,Party Room
7360,9d3f,Customer 65,Birthday Party,2025-04-10,Pending,01:00 PM,90,124,Play Area
5c58,4e90,Customer 66,Facility,2025-06-10,Confirmed,04:00 PM,45,161,Play Area
26b2,6185,Customer 67,Facility,2025-05-31,Confirmed,05:00 PM,90,138,Play Area
b95e,841c,Customer 68,Class,2025-04-08,Pending,01:00 PM,120,170,No Facility
9ee1,876e,Customer 69,Class,2025-06-03,Pending,02:00 PM,120,232,No Facility
4c4d,9cfc,Customer 70,Class,2025-04-28,Confirmed,02:00 PM,45,37,No Facility
6908,51e8,Customer 71,Birthday Party,2025-06-17,Confirmed,02:00 PM,84,19,Party Room
6e41,735a,Customer 72,Facility,2025-06-12,Pending,11:00 AM,45,128,Play Area
1f67,82c7,Customer 73,Facility,2025-05-22,Confirmed,09:00 AM,45,300,Party Room
f654,d967,Customer 74,Class,2025-04-29,Pending,01:00 PM,90,243,No Facility
6df0,4a94,Customer 75,Class,2025-05-22,Pending,03:00 PM,90,118,No Facility
6f7c,bb6e,Customer 76,Class,2025-05-29,Pending,02:00 PM,120,241,No Facility
db77,12a0,Customer 77,Birthday Party,2025-04-22,Pending,09:00 AM,120,206,Party Room
a54b,6da6,Customer 78,Facility,2025-04-16,Pending,02:00 PM,84,76,Play Area
50ad,35a6,Customer 79,Facility,2025-04-11,Pending,02:00 PM,84,193,Party Room
449b,2934,Customer 80,Facility,2025-03-27,Confirmed,11:00 AM,120,37,Party Room
c7e0,009c,Customer 81,Class,2025-06-14,Pending,05:00 PM,45,213,No Facility
41a8,ac45,Customer 82,Birthday Party,2025-06-10,Pending,10:00 AM,120,82,Party Room
ef22,d7bf,Customer 83,Birthday Party,2025-04-08,Pending,02:00 PM,84,146,Play Area
fdb4,1a11,Customer 84,Facility,2025-03-29,Confirmed,04:00 PM,45,298,Play Area
fc55,383f,Customer 85,Class,2025-06-07,Pending,02:00 PM,45,131,No Facility
86fb,8ec2,Customer 86,Facility,2025-06-11,Pending,10:00 AM,120,0,Play Area
5649,d37f,Customer 87,Birthday Party,2025-05-09,Confirmed,10:00 AM,120,47,Party Room
b87b,0751,Customer 88,Birthday Party,2025-04-26,Confirmed,02:00 PM,84,43,Play Area
1bc8,016b,Customer 89,Facility,2025-06-07,Confirmed,01:00 PM,45,126,Play Area
8a03,2b84,Customer 90,Class,2025-04-15,Confirmed,02:00 PM,120,278,No Facility
1d3f,f35a,Customer 91,Facility,2025-06-14,Pending,04:00 PM,45,197,Play Area
8a80,ab78,Customer 92,Birthday Party,2025-04-07,Pending,02:00 PM,84,19,Party Room
ab10,57d0,Customer 93,Birthday Party,2025-06-16,Confirmed,03:00 PM,120,239,Party Room
01d5,5eba,Customer 94,Facility,2025-04-21,Pending,05:00 PM,90,247,Play Area
b9bc,01f0,Customer 95,Class,2025-04-02,Pending,02:00 PM,84,241,No Facility
934e,005c,Customer 96,Facility,2025-05-17,Pending,12:00 PM,90,185,Play Area
2ea4,36c3,Customer 97,Class,2025-06-20,Confirmed,10:00 AM,90,145,No Facility
6b63,1fa6,Customer 98,Class,2025-06-18,Pending,03:00 PM,45,297,No Facility
b503,0490,Customer 99,Birthday Party,2025-04-08,Pending,11:00 AM,120,190,Party Room
f17f,a3f3,Customer 100,Class,2025-04-03,Pending,09:00 AM,90,0,No Facility
2585,e7e1,Customer 101,Facility,2025-04-07,Confirmed,02:00 PM,84,286,Play Area
2d81,646f,Customer 102,Birthday Party,2025-04-06,Pending,02:00 PM,120,287,Party Room
3c88,9b91,Customer 103,Facility,2025-05-14,Pending,02:00 PM,90,214,Play Area
5499,86f9,Customer 104,Birthday Party,2025-06-13,Pending,04:00 PM,90,81,Play Area
9f46,7dc5,Customer 105,Facility,2025-04-04,Confirmed,04:00 PM,90,64,Party Room
93a0,abec,Customer 106,Birthday Party,2025-05-14,Confirmed,02:00 PM,84,0,Party Room
841b,5728,Customer 107,Facility,2025-06-01,Pending,09:00 AM,120,34,Play Area
2578,da67,Customer 108,Class,2025-06-21,Pending,05:00 PM,45,121,No Facility
2bee,c6d2,Customer 109,Class,2025-05-29,Pending,02:00 PM,84,176,No Facility
2569,e4f1,Customer 110,Birthday Party,2025-05-03,Pending,04:00 PM,120,72,Play Area
3ec2,483d,Customer 111,Birthday Party,2025-04-23,Confirmed,01:00 PM,45,20,Party Room
4768,baee,Customer 112,Class,2025-05-14,Pending,01:00 PM,90,0,No Facility
f262,2629,Customer 113,Class,2025-04-27,Pending,02:00 PM,90,70,No Facility
3d33,a876,Customer 114,Class,2025-05-24,Confirmed,10:00 AM,90,104,No Facility
3c1d,d776,Customer 115,Facility,2025-06-12,Pending,10:00 AM,45,227,Party Room
d3f2,43f4,Customer 116,Facility,2025-06-01,Pending,12:00 PM,120,278,Play Area
6ea9,b36f,Customer 117,Birthday Party,2025-05-10,Pending,04:00 PM,120,278,Party Room
52d6,df29,Customer 118,Facility,2025-04-07,Pending,03:00 PM,90,249,Party Room
b38a,098f,Customer 119,Class,2025-05-21,Confirmed,04:00 PM,120,184,No Facility
fc63,0260,Customer 120,Birthday Party,2025-06-20,Pending,01:00 PM,45,167,Play Area
1fde,0a5a,Customer 121,Class,2025-05-07,Pending,09:00 AM,45,53,No Facility
02c4,a6db,Customer 122,Class,2025-04-04,Confirmed,11:00 AM,45,176,No Facility
2a7e,5205,Customer 123,Birthday Party,2025-06-14,Confirmed,11:00 AM,45,0,Play Area
0771,19fe,Customer 124,Birthday Party,2025-06-05,Pending,03:00 PM,90,245,Party Room
8e46,0913,Customer 125,Birthday Party,2025-06-17,Pending,01:00 PM,45,79,Party Room
5d27,b311,Customer 126,Class,2025-05-22,Pending,01:00 PM,90,122,No Facility
ccd2,bdde,Customer 127,Class,2025-03-31,Pending,11:00 AM,90,87,No Facility
fa3e,6100,Customer 128,Class,2025-05-18,Confirmed,03:00 PM,90,24,No Facility
ab7b,ed63,Customer 129,Facility,2025-06-05,Pending,05:00 PM,120,212,Party Room
9ae3,706d,Customer 130,Class,2025-05-12,Confirmed,02:00 PM,84,96,No Facility
3a46,9596,Customer 131,Class,2025-05-08,Confirmed,12:00 PM,120,0,No Facility
c824,8f22,Customer 132,Birthday Party,2025-04-19,Pending,12:00 PM,90,190,Party Room
2191,771c,Customer 133,Birthday Party,2025-04-27,Confirmed,10:00 AM,120,131,Play Area
5a32,7729,Customer 134,Facility,2025-04-15,Pending,11:00 AM,90,0,Party Room
168a,0086,Customer 135,Facility,2025-05-21,Pending,02:00 PM,45,121,Play Area
638b,5f78,Customer 136,Class,2025-06-07,Confirmed,12:00 PM,45,0,No Facility
fb6a,734a,Customer 137,Birthday Party,2025-06-13,Pending,02:00 PM,84,35,Party Room
d9ae,3f3e,Customer 138,Birthday Party,2025-06-12,Confirmed,02:00 PM,120,210,Play Area
4215,ae78,Customer 139,Birthday Party,2025-06-15,Confirmed,04:00 PM,90,231,Party Room
cd0a,2a34,Customer 140,Facility,2025-05-01,Pending,02:00 PM,84,150,Party Room
3673,dd14,Customer 141,Facility,2025-06-22,Pending,02:00 PM,84,35,Play Area
29fb,9919,Customer 142,Class,2025-04-07,Confirmed,01:00 PM,120,103,No Facility
5c69,08ef,Customer 143,Birthday Party,2025-04-29,Pending,02:00 PM,84,64,Play Area
a7c9,379a,Customer 144,Facility,2025-04-18,Pending,04:00 PM,90,285,Party Room
3c13,a5be,Customer 145,Class,2025-04-30,Confirmed,09:00 AM,45,111,No Facility
652c,8737,Customer 146,Birthday Party,2025-04-02,Confirmed,02:00 PM,84,23,Play Area
5a17,e5cd,Customer 147,Facility,2025-03-27,Pending,02:00 PM,90,294,Party Room
7831,d9c0,Customer 148,Facility,2025-04-21,Confirmed,03:00 PM,90,196,Party Room
f40b,a313,Customer 149,Facility,2025-04-14,Confirmed,03:00 PM,45,284,Play Area
0013,ca7c,Customer 150,Birthday Party,2025-05-23,Confirmed,03:00 PM,45,97,Play Area
d55b,1ee4,Customer 151,Birthday Party,2025-05-26,Pending,01:00 PM,120,142,Party Room
61af,b638,Customer 152,Class,2025-04-30,Pending,04:00 PM,120,0,No Facility
f4f8,9691,Customer 153,Facility,2025-04-23,Confirmed,01:00 PM,120,107,Play Area
65b6,f26b,Customer 154,Birthday Party,2025-05-28,Pending,05:00 PM,120,289,Party Room
058f,cac1,Customer 155,Birthday Party,2025-04-18,Confirmed,04:00 PM,45,149,Play Area
94fd,b836,Customer 156,Class,2025-04-10,Confirmed,12:00 PM,45,297,No Facility
4d5d,18fb,Customer 157,Facility,2025-04-08,Confirmed,02:00 PM,45,163,Party Room
3790,d1a0,Customer 158,Class,2025-06-20,Pending,03:00 PM,120,17,No Facility
cf37,3831,Customer 159,Class,2025-03-31,Confirmed,02:00 PM,84,265,No Facility
7677,505b,Customer 160,Facility,2025-06-17,Confirmed,11:00 AM,45,40,Play Area
13a0,4d5f,Customer 161,Class,2025-04-01,Pending,10:00 AM,45,33,No Facility
b455,06a3,Customer 162,Facility,2025-04-18,Pending,10:00 AM,90,202,Party Room
a00b,80cf,Customer 163,Class,2025-06-12,Pending,04:00 PM,90,230,No Facility
985a,6f0f,Customer 164,Facility,2025-05-31,Pending,02:00 PM,84,235,Play Area
acc7,8806,Customer 165,Facility,2025-06-16,Pending,02:00 PM,45,244,Party Room
285d,8c46,Customer 166,Birthday Party,2025-04-04,Pending,01:00 PM,90,56,Play Area
c703,a217,Customer 167,Birthday Party,2025-06-03,Confirmed,03:00 PM,45,174,Play Area
fa1c,1223,Customer 168,Class,2025-05-09,Pending,02:00 PM,84,211,No Facility
e90c,b3f9,Customer 169,Class,2025-03-27,Confirmed,09:00 AM,45,220,No Facility
dac1,1399,Customer 170,Facility,2025-06-09,Confirmed,10:00 AM,120,55,Party Room
2714,2602,Customer 171,Class,2025-05-24,Confirmed,02:00 PM,84,0,No Facility
a98f,b594,Customer 172,Facility,2025-04-22,Pending,04:00 PM,90,137,Party Room
958e,2d87,Customer 173,Facility,2025-06-10,Pending,02:00 PM,120,61,Play Area
5d4d,8fff,Customer 174,Facility,2025-06-05,Confirmed,01:00 PM,90,107,Play Area
1bf0,e6e5,Customer 175,Facility,2025-05-17,Confirmed,02:00 PM,45,97,Party Room
df94,a6ae,Customer 176,Class,2025-05-19,Confirmed,05:00 PM,90,149,No Facility
4ce8,9d81,Customer 177,Class,2025-05-16,Pending,02:00 PM,84,281,No Facility
7684,1aa0,Customer 178,Birthday Party,2025-05-03,Pending,02:00 PM,120,267,Play Area
2a11,be76,Customer 179,Birthday Party,2025-03-30,Pending,01:00 PM,120,279,Party Room
01de,ca80,Customer 180,Class,2025-05-18,Pending,11:00 AM,120,0,No Facility
22c1,a349,Customer 181,Birthday Party,2025-05-04,Confirmed,02:00 PM,84,20,Play Area
9896,4754,Customer 182,Birthday Party,2025-05-29,Confirmed,02:00 PM,84,113,Party Room
7da2,68b0,Customer 183,Facility,2025-06-10,Pending,01:00 PM,90,182,Party Room
6223,41a9,Customer 184,Birthday Party,2025-04-13,Confirmed,11:00 AM,45,24,Party Room
94cb,44dc,Customer 185,Facility,2025-05-11,Confirmed,02:00 PM,84,173,Party Room
7290,d4c3,Customer 186,Birthday Party,2025-04-21,Pending,02:00 PM,84,184,Play Area
75fe,defc,Customer 187,Facility,2025-03-28,Pending,02:00 PM,90,47,Play Area
a4a4,5b85,Customer 188,Class,2025-05-08,Confirmed,02:00 PM,45,183,No Facility
f2eb,8e21,Customer 189,Class,2025-04-10,Confirmed,02:00 PM,84,295,No Facility
aa2a,061e,Customer 190,Class,2025-04-03,Confirmed,09:00 AM,90,171,No Facility
a4c4,8178,Customer 191,Birthday Party,2025-04-15,Pending,09:00 AM,45,132,Play Area
b486,5236,Customer 192,Birthday Party,2025-05-05,Confirmed,04:00 PM,120,113,Play Area
08a3,2356,Customer 193,Class,2025-05-05,Confirmed,01:00 PM,45,249,No Facility
6065,2c36,Customer 194,Birthday Party,2025-05-23,Confirmed,05:00 PM,90,0,Play Area
fd47,113e,Customer 195,Facility,2025-04-18,Pending,09:00 AM,90,126,Party Room
1a26,fe1f,Customer 196,Class,2025-04-03,Pending,02:00 PM,45,122,No Facility
e62a,6c5f,Customer 197,Class,2025-05-09,Pending,02:00 PM,84,165,No Facility
d07d,13fc,Customer 198,Class,2025-05-07,Confirmed,04:00 PM,45,0,No Facility
7fd1,d4ea,Customer 199,Birthday Party,2025-04-03,Pending,10:00 AM,90,229,Party Room
9472,2332,Customer 200,Class,2025-04-04,Pending,09:00 AM,45,39,No Facility
7579,a151,Customer 201,Facility,2025-05-15,Confirmed,09:00 AM,45,220,Party Room
4851,e815,Customer 202,Birthday Party,2025-06-10,Pending,09:00 AM,90,32,Party Room
608b,0b39,Customer 203,Facility,2025-04-22,Confirmed,02:00 PM,45,134,Play Area
8ccd,46e7,Customer 204,Birthday Party,2025-06-12,Pending,02:00 PM,120,85,Play Area
56c7,61d0,Customer 205,Birthday Party,2025-05-28,Pending,02:00 PM,120,35,Party Room
0193,86ba,Customer 206,Class,2025-05-01,Confirmed,12:00 PM,45,0,No Facility
f473,115e,Customer 207,Birthday Party,2025-05-30,Pending,10:00 AM,45,111,Play Area
efd0,979f,Customer 208,Facility,2025-04-27,Confirmed,11:00 AM,90,190,Party Room
8da3,b6e4,Customer 209,Facility,2025-03-25,Confirmed,10:00 AM,120,211,Play Area
1095,c96a,Customer 210,Class,2025-04-15,Pending,01:00 PM,45,245,No Facility
ba58,878b,Customer 211,Birthday Party,2025-05-01,Pending,03:00 PM,90,146,Party Room
6545,15c7,Customer 212,Class,2025-06-05,Confirmed,03:00 PM,90,196,No Facility
e282,7c75,Customer 213,Birthday Party,2025-05-18,Confirmed,02:00 PM,84,50,Party Room
f919,8819,Customer 214,Facility,2025-04-28,Pending,03:00 PM,45,0,Play Area
d5ff,c0f6,Customer 215,Class,2025-03-28,Confirmed,09:00 AM,90,225,No Facility
af1f,64b2,Customer 216,Facility,2025-06-02,Confirmed,03:00 PM,45,193,Party Room
06ac,ae4d,Customer 217,Facility,2025-04-19,Confirmed,01:00 PM,120,199,Play Area
207a,8b09,Customer 218,Facility,2025-05-03,Pending,03:00 PM,120,192,Play Area
72f3,50a0,Customer 219,Class,2025-05-03,Pending,11:00 AM,90,276,No Facility
5b52,b635,Customer 220,Class,2025-05-16,Confirmed,09:00 AM,90,216,No Facility
ed5e,f5a1,Customer 221,Birthday Party,2025-06-04,Pending,09:00 AM,45,217,Party Room
923b,6073,Customer 222,Birthday Party,2025-04-05,Confirmed,04:00 PM,120,0,Play Area
bd0d,dad7,Customer 223,Birthday Party,2025-06-12,Pending,09:00 AM,45,262,Party Room
05c3,692a,Customer 224,Facility,2025-06-10,Confirmed,05:00 PM,45,254,Play Area
c186,deb6,Customer 225,Birthday Party,2025-06-01,Confirmed,02:00 PM,84,205,Play Area
d7db,222c,Customer 226,Facility,2025-04-22,Pending,02:00 PM,45,87,Play Area
d900,7bc1,Customer 227,Birthday Party,2025-04-02,Confirmed,10:00 AM,90,106,Party Room
5649,8d03,Customer 228,Class,2025-06-10,Pending,02:00 PM,90,150,No Facility
f386,978d,Customer 229,Facility,2025-04-04,Confirmed,02:00 PM,90,142,Play Area
e61b,0e61,Customer 230,Birthday Party,2025-05-22,Confirmed,03:00 PM,90,166,Play Area
351f,4041,Customer 231,Facility,2025-04-19,Confirmed,02:00 PM,84,40,Play Area
6a3d,8b7f,Customer 232,Facility,2025-05-01,Confirmed,12:00 PM,45,224,Party Room
a687,5559,Customer 233,Facility,2025-05-27,Pending,04:00 PM,120,234,Play Area
54b1,cc0e,Customer 234,Class,2025-04-23,Confirmed,01:00 PM,90,32,No Facility
cf33,6525,Customer 235,Class,2025-06-14,Confirmed,02:00 PM,84,118,No Facility
7539,92e6,Customer 236,Birthday Party,2025-04-09,Pending,09:00 AM,120,0,Play Area
b193,0c9e,Customer 237,Class,2025-04-14,Confirmed,02:00 PM,120,32,No Facility
ee33,53d1,Customer 238,Facility,2025-05-05,Confirmed,10:00 AM,45,167,Play Area
7c4f,dcde,Customer 239,Facility,2025-04-13,Pending,01:00 PM,120,79,Play Area
126d,6c29,Customer 240,Birthday Party,2025-04-02,Pending,09:00 AM,45,225,Party Room
11c0,c889,Customer 241,Facility,2025-04-21,Confirmed,11:00 AM,45,81,Play Area
7e3e,7e7c,Customer 242,Facility,2025-03-31,Confirmed,02:00 PM,84,0,Party Room
a551,7621,Customer 243,Birthday Party,2025-04-05,Confirmed,05:00 PM,120,293,Play Area
2bb8,f3d1,Customer 244,Birthday Party,2025-03-25,Pending,10:00 AM,45,124,Party Room
cf6f,853d,Customer 245,Birthday Party,2025-05-05,Pending,09:00 AM,120,259,Play Area
e79e,ec13,Customer 246,Class,2025-04-11,Pending,10:00 AM,90,29,No Facility
5b79,386f,Customer 247,Class,2025-05-29,Confirmed,02:00 PM,90,112,No Facility
ca57,2b80,Customer 248,Birthday Party,2025-05-25,Pending,12:00 PM,45,0,Play Area
040f,0917,Customer 249,Birthday Party,2025-05-17,Confirmed,03:00 PM,45,100,Party Room
d99b,5072,Customer 250,Birthday Party,2025-04-01,Pending,05:00 PM,120,263,Play Area
ae3d,9261,Customer 251,Birthday Party,2025-03-29,Pending,04:00 PM,120,176,Play Area
7729,9e76,Customer 252,Class,2025-05-20,Confirmed,11:00 AM,90,0,No Facility
39e6,4722,Customer 253,Class,2025-06-18,Confirmed,02:00 PM,84,223,No Facility
242c,9ca3,Customer 254,Facility,2025-04-05,Confirmed,11:00 AM,90,198,Play Area
9d0c,cd88,Customer 255,Birthday Party,2025-04-02,Pending,04:00 PM,90,88,Play Area
0f50,f99b,Customer 256,Class,2025-06-01,Confirmed,10:00 AM,120,275,No Facility
ef3d,b14a,Customer 257,Class,2025-04-08,Confirmed,02:00 PM,84,230,No Facility
35ab,570d,Customer 258,Class,2025-05-24,Confirmed,02:00 PM,84,289,No Facility
8394,1201,Customer 259,Class,2025-05-17,Pending,02:00 PM,84,77,No Facility
01a8,eed2,Customer 260,Facility,2025-05-20,Pending,02:00 PM,90,36,Play Area
7538,2c73,Customer 261,Class,2025-06-20,Confirmed,05:00 PM,90,139,No Facility
3a61,802a,Customer 262,Facility,2025-06-16,Pending,04:00 PM,120,267,Party Room
9cf9,bde5,Customer 263,Class,2025-05-12,Pending,03:00 PM,90,0,No Facility
e964,d585,Customer 264,Facility,2025-03-27,Pending,02:00 PM,84,148,Party Room
ccb5,71c7,Customer 265,Facility,2025-06-07,Confirmed,11:00 AM,45,288,Party Room
dba6,8f1a,Customer 266,Facility,2025-06-18,Confirmed,02:00 PM,84,227,Party Room
0429,072a,Customer 267,Facility,2025-04-27,Confirmed,01:00 PM,120,0,Play Area
5d8b,9a38,Customer 268,Facility,2025-03-30,Pending,01:00 PM,45,104,Party Room
3bb7,e84a,Customer 269,Class,2025-06-22,Pending,11:00 AM,90,87,No Facility
4820,1078,Customer 270,Facility,2025-05-28,Confirmed,02:00 PM,84,263,Party Room
f246,ecca,Customer 271,Facility,2025-05-10,Pending,02:00 PM,120,53,Play Area
9fc9,f2c6,Customer 272,Birthday Party,2025-04-19,Confirmed,01:00 PM,90,54,Party Room
46ee,c08c,Customer 273,Class,2025-05-17,Confirmed,04:00 PM,90,220,No Facility
89d6,c5f2,Customer 274,Birthday Party,2025-03-31,Confirmed,11:00 AM,120,79,Party Room
e982,1d8b,Customer 275,Birthday Party,2025-03-31,Pending,12:00 PM,120,169,Party Room
0290,eadf,Customer 276,Facility,2025-06-09,Pending,03:00 PM,90,246,Play Area
e1b2,a0bc,Customer 277,Birthday Party,2025-04-27,Confirmed,02:00 PM,84,30,Play Area
e0e1,45a1,Customer 278,Facility,2025-04-29,Confirmed,04:00 PM,45,0,Play Area
3422,344a,Customer 279,Birthday Party,2025-06-01,Confirmed,02:00 PM,84,152,Party Room
9403,bc03,Customer 280,Class,2025-06-11,Confirmed,01:00 PM,120,259,No Facility
e297,3d5d,Customer 281,Class,2025-06-15,Confirmed,11:00 AM,90,239,No Facility
adb4,46da,Customer 282,Birthday Party,2025-04-28,Pending,02:00 PM,84,15,Play Area
f993,ffbc,Customer 283,Facility,2025-05-21,Pending,02:00 PM,84,145,Play Area
2bbc,f047,Customer 284,Facility,2025-04-10,Pending,03:00 PM,120,294,Party Room
8e74,72d8,Customer 285,Birthday Party,2025-03-31,Confirmed,12:00 PM,120,133,Party Room
f92a,9aa9,Customer 286,Birthday Party,2025-06-04,Pending,10:00 AM,45,242,Play Area
6ad0,6e95,Customer 287,Facility,2025-05-10,Confirmed,10:00 AM,120,16,Party Room
3313,bd7a,Customer 288,Facility,2025-06-03,Pending,04:00 PM,120,248,Party Room
3050,e96a,Customer 289,Class,2025-04-09,Confirmed,05:00 PM,45,125,No Facility
0c83,eb9b,Customer 290,Birthday Party,2025-04-12,Pending,02:00 PM,84,99,Play Area
5276,ba6d,Customer 291,Birthday Party,2025-03-28,Confirmed,03:00 PM,90,180,Play Area
57b1,a830,Customer 292,Facility,2025-04-17,Confirmed,03:00 PM,45,249,Party Room
398e,58eb,Customer 293,Facility,2025-04-26,Pending,01:00 PM,120,269,Party Room
601d,2d9e,Customer 294,Class,2025-06-07,Pending,02:00 PM,84,276,No Facility
1623,dbda,Customer 295,Birthday Party,2025-06-19,Pending,09:00 AM,45,84,Play Area
261f,e5ff,Customer 296,Birthday Party,2025-04-02,Confirmed,02:00 PM,84,0,Play Area
d7ec,3436,Customer 297,Facility,2025-05-19,Pending,02:00 PM,84,0,Play Area
f324,1a50,Customer 298,Class,2025-03-25,Confirmed,02:00 PM,84,210,No Facility
c984,c999,Customer 299,Birthday Party,2025-06-22,Pending,02:00 PM,90,80,Party Room
07ad,a52d,Customer 300,Birthday Party,2025-04-22,Pending,12:00 PM,120,237,Party Room
79aa,8418,Customer 301,Birthday Party,2025-05-21,Confirmed,04:00 PM,90,139,Play Area
78f4,6d87,Customer 302,Class,2025-03-31,Confirmed,02:00 PM,120,135,No Facility
6a3c,c5a3,Customer 303,Facility,2025-04-22,Confirmed,02:00 PM,45,179,Play Area
350a,8933,Customer 304,Facility,2025-04-06,Confirmed,02:00 PM,45,28,Play Area
6b7e,5aad,Customer 305,Facility,2025-06-22,Confirmed,11:00 AM,120,226,Party Room
4301,b659,Customer 306,Facility,2025-05-18,Pending,02:00 PM,90,30,Play Area
f398,3fb3,Customer 307,Facility,2025-05-17,Pending,02:00 PM,84,229,Play Area
ed2c,df14,Customer 308,Facility,2025-04-29,Confirmed,12:00 PM,120,230,Play Area
2fa8,2004,Customer 309,Class,2025-06-12,Confirmed,03:00 PM,120,29,No Facility
580d,1df7,Customer 310,Class,2025-05-17,Pending,02:00 PM,120,283,No Facility
ca14,2769,Customer 311,Birthday Party,2025-05-31,Pending,11:00 AM,90,70,Play Area
d97b,16bb,Customer 312,Facility,2025-05-30,Confirmed,02:00 PM,45,287,Play Area
342c,327d,Customer 313,Class,2025-06-08,Confirmed,09:00 AM,90,53,No Facility
1345,f02b,Customer 314,Facility,2025-05-21,Confirmed,09:00 AM,45,254,Party Room
3399,4d2c,Customer 315,Facility,2025-05-28,Confirmed,03:00 PM,120,273,Party Room
d1c1,29bf,Customer 316,Birthday Party,2025-05-22,Confirmed,03:00 PM,90,0,Play Area
f2ce,e8a1,Customer 317,Facility,2025-04-11,Confirmed,11:00 AM,45,52,Party Room
d989,90d8,Customer 318,Birthday Party,2025-06-05,Pending,02:00 PM,84,195,Play Area
d204,0b1f,Customer 319,Class,2025-05-11,Confirmed,01:00 PM,45,197,No Facility
91f1,0edd,Customer 320,Class,2025-05-09,Confirmed,02:00 PM,45,134,No Facility
bf83,2490,Customer 321,Birthday Party,2025-03-31,Confirmed,01:00 PM,90,152,Play Area
e8eb,7724,Customer 322,Facility,2025-04-27,Confirmed,12:00 PM,90,92,Party Room
f996,620d,Customer 323,Facility,2025-06-14,Pending,04:00 PM,120,211,Play Area
ee8a,cce8,Customer 324,Birthday Party,2025-05-13,Confirmed,02:00 PM,45,299,Play Area
9530,8bbd,Customer 325,Facility,2025-03-30,Confirmed,09:00 AM,45,131,Play Area
236a,33ce,Customer 326,Birthday Party,2025-05-10,Confirmed,12:00 PM,90,41,Play Area
f2a5,99b5,Customer 327,Birthday Party,2025-04-15,Confirmed,02:00 PM,120,52,Play Area
90d2,b3e5,Customer 328,Class,2025-06-11,Confirmed,01:00 PM,90,35,No Facility
7123,311c,Customer 329,Class,2025-04-26,Confirmed,04:00 PM,45,208,No Facility
e34f,a93a,Customer 330,Class,2025-05-20,Pending,02:00 PM,84,61,No Facility
c6ba,d666,Customer 331,Class,2025-06-04,Pending,12:00 PM,90,223,No Facility
1dc4,eb6c,Customer 332,Class,2025-05-23,Confirmed,04:00 PM,90,207,No Facility
d69a,6b4d,Customer 333,Facility,2025-06-11,Pending,04:00 PM,120,224,Party Room
a519,fbb7,Customer 334,Facility,2025-05-28,Pending,02:00 PM,84,164,Play Area
c039,7f25,Customer 335,Facility,2025-05-15,Pending,12:00 PM,120,0,Play Area
59cb,c22c,Customer 336,Birthday Party,2025-06-03,Confirmed,02:00 PM,90,148,Party Room
d3b8,1dee,Customer 337,Birthday Party,2025-05-11,Confirmed,02:00 PM,45,0,Party Room
fd41,3e24,Customer 338,Facility,2025-04-02,Pending,05:00 PM,45,196,Party Room
4149,ae69,Customer 339,Birthday Party,2025-04-02,Confirmed,03:00 PM,120,207,Party Room
7e88,f2f7,Customer 340,Facility,2025-06-19,Pending,05:00 PM,120,94,Play Area
563d,55e1,Customer 341,Birthday Party,2025-05-18,Pending,11:00 AM,120,286,Play Area
94ab,65d5,Customer 342,Class,2025-06-07,Pending,12:00 PM,90,72,No Facility
0c5d,4194,Customer 343,Facility,2025-05-23,Pending,03:00 PM,45,246,Play Area
fe53,98bd,Customer 344,Facility,2025-05-31,Pending,05:00 PM,45,251,Play Area
9077,4f3c,Customer 345,Class,2025-05-15,Pending,10:00 AM,45,270,No Facility
3c30,77b5,Customer 346,Facility,2025-04-27,Pending,02:00 PM,84,0,Play Area
1158,7546,Customer 347,Class,2025-05-26,Confirmed,02:00 PM,84,291,No Facility
161e,8cc6,Customer 348,Birthday Party,2025-05-10,Confirmed,05:00 PM,120,117,Party Room
e1aa,966a,Customer 349,Birthday Party,2025-06-13,Confirmed,02:00 PM,90,0,Party Room
672c,6518,Customer 350,Facility,2025-05-25,Pending,02:00 PM,84,179,Party Room
db07,37d8,Customer 351,Birthday Party,2025-04-01,Pending,02:00 PM,84,232,Party Room
2f25,c835,Customer 352,Facility,2025-04-05,Pending,10:00 AM,90,212,Play Area
7c8c,2c89,Customer 353,Facility,2025-04-18,Confirmed,05:00 PM,120,198,Play Area
ea91,7a74,Customer 354,Facility,2025-03-25,Confirmed,12:00 PM,90,0,Play Area
dc25,bb55,Customer 355,Birthday Party,2025-04-21,Pending,02:00 PM,84,61,Party Room
ca68,096f,Customer 356,Birthday Party,2025-03-29,Pending,02:00 PM,84,18,Play Area
dd52,23da,Customer 357,Class,2025-04-19,Confirmed,03:00 PM,90,0,No Facility
c5f1,8f50,Customer 358,Facility,2025-05-10,Confirmed,05:00 PM,120,163,Play Area
4d14,811d,Customer 359,Class,2025-04-05,Pending,03:00 PM,90,291,No Facility
3eeb,c9c7,Customer 360,Facility,2025-05-22,Pending,02:00 PM,84,128,Party Room
bb4b,5afe,Customer 361,Birthday Party,2025-06-12,Pending,01:00 PM,120,138,Party Room
64f3,db36,Customer 362,Birthday Party,2025-04-20,Confirmed,11:00 AM,120,92,Party Room
c16c,096e,Customer 363,Facility,2025-06-11,Confirmed,11:00 AM,120,253,Play Area
beef,14d3,Customer 364,Class,2025-06-01,Pending,05:00 PM,120,15,No Facility
8484,ff6c,Customer 365,Birthday Party,2025-06-13,Confirmed,12:00 PM,45,175,Play Area
9bcb,20a5,Customer 366,Facility,2025-04-17,Confirmed,02:00 PM,120,286,Party Room
fba0,3ca5,Customer 367,Facility,2025-05-11,Pending,02:00 PM,84,279,Party Room
36e7,03db,Customer 368,Facility,2025-04-28,Confirmed,11:00 AM,45,281,Play Area
b795,dc8f,Customer 369,Facility,2025-06-01,Confirmed,09:00 AM,45,131,Party Room
4f0a,b56e,Customer 370,Class,2025-05-14,Pending,02:00 PM,45,94,No Facility
69c7,877b,Customer 371,Class,2025-04-15,Pending,02:00 PM,84,156,No Facility
7f94,3b47,Customer 372,Facility,2025-05-14,Confirmed,05:00 PM,45,43,Party Room
21fc,4651,Customer 373,Facility,2025-05-28,Pending,09:00 AM,45,0,Party Room
f99d,8848,Customer 374,Class,2025-04-03,Confirmed,12:00 PM,90,119,No Facility
79ad,6f42,Customer 375,Facility,2025-05-07,Pending,09:00 AM,90,95,Play Area
69e7,1ac7,Customer 376,Class,2025-05-02,Pending,05:00 PM,120,64,No Facility
55e7,6791,Customer 377,Class,2025-05-06,Confirmed,03:00 PM,90,137,No Facility
0163,7532,Customer 378,Facility,2025-06-02,Pending,12:00 PM,45,63,Party Room
5328,ee98,Customer 379,Facility,2025-05-31,Pending,01:00 PM,90,105,Play Area
6066,dded,Customer 380,Birthday Party,2025-06-10,Pending,02:00 PM,84,264,Party Room
da47,5065,Customer 381,Class,2025-03-29,Pending,01:00 PM,45,219,No Facility
1ccb,3e6a,Customer 382,Birthday Party,2025-04-11,Confirmed,04:00 PM,45,299,Party Room
afe4,6a6d,Customer 383,Birthday Party,2025-05-15,Confirmed,05:00 PM,45,237,Play Area
b132,cba9,Customer 384,Class,2025-06-03,Confirmed,12:00 PM,90,210,No Facility
7593,0365,Customer 385,Birthday Party,2025-04-02,Confirmed,01:00 PM,120,0,Play Area
24f3,f313,Customer 386,Birthday Party,2025-05-06,Confirmed,02:00 PM,90,29,Play Area
38e8,f27d,Customer 387,Birthday Party,2025-06-22,Confirmed,12:00 PM,90,124,Party Room
68b5,30e3,Customer 388,Birthday Party,2025-06-04,Confirmed,04:00 PM,120,174,Party Room
e450,c25f,Customer 389,Facility,2025-04-23,Confirmed,03:00 PM,45,195,Play Area
5197,83fa,Customer 390,Class,2025-04-05,Pending,03:00 PM,90,120,No Facility
e7db,e7ec,Customer 391,Class,2025-04-28,Confirmed,11:00 AM,90,151,No Facility
13a6,775a,Customer 392,Class,2025-05-31,Pending,12:00 PM,120,210,No Facility
607f,8aef,Customer 393,Facility,2025-04-06,Pending,03:00 PM,90,209,Party Room
c807,3ad3,Customer 394,Class,2025-04-07,Pending,02:00 PM,90,219,No Facility
8137,de21,Customer 395,Birthday Party,2025-06-19,Confirmed,12:00 PM,120,0,Play Area
1e9e,a85a,Customer 396,Birthday Party,2025-04-11,Pending,02:00 PM,84,121,Party Room
3f87,6226,Customer 397,Birthday Party,2025-04-28,Confirmed,11:00 AM,120,0,Party Room
8c39,696b,Customer 398,Birthday Party,2025-04-15,Confirmed,03:00 PM,45,0,Play Area
2972,f270,Customer 399,Facility,2025-05-26,Confirmed,10:00 AM,120,222,Play Area
a294,a62f,Customer 400,Class,2025-06-12,Pending,09:00 AM,90,116,No Facility
f8e5,c909,Customer 401,Class,2025-05-20,Confirmed,09:00 AM,90,0,No Facility
e43e,16fd,Customer 402,Facility,2025-06-02,Confirmed,03:00 PM,90,0,Party Room
6a36,467f,Customer 403,Class,2025-04-02,Pending,10:00 AM,45,222,No Facility
aeac,2b42,Customer 404,Class,2025-06-14,Confirmed,01:00 PM,90,171,No Facility
10f6,e195,Customer 405,Facility,2025-06-22,Confirmed,10:00 AM,90,271,Party Room
86ee,390d,Customer 406,Class,2025-05-04,Pending,02:00 PM,84,132,No Facility
3c21,10d7,Customer 407,Class,2025-04-05,Pending,11:00 AM,120,38,No Facility
7c9a,045d,Customer 408,Facility,2025-06-04,Pending,09:00 AM,90,235,Play Area
1fe1,eb1f,Customer 409,Birthday Party,2025-05-04,Confirmed,03:00 PM,120,21,Play Area
e071,1497,Customer 410,Facility,2025-03-27,Pending,10:00 AM,45,47,Party Room
01d7,007c,Customer 411,Birthday Party,2025-06-01,Pending,02:00 PM,84,84,Party Room
d069,9815,Customer 412,Facility,2025-06-17,Pending,09:00 AM,90,220,Play Area
a8da,d524,Customer 413,Birthday Party,2025-06-01,Pending,04:00 PM,120,127,Party Room
81c0,562a,Customer 414,Birthday Party,2025-04-27,Pending,02:00 PM,90,46,Play Area
450b,17ee,Customer 415,Birthday Party,2025-06-22,Confirmed,12:00 PM,90,142,Play Area
b871,1735,Customer 416,Birthday Party,2025-04-19,Confirmed,10:00 AM,45,62,Party Room
d616,c47d,Customer 417,Facility,2025-05-11,Pending,02:00 PM,120,33,Party Room
85a3,ae8c,Customer 418,Facility,2025-03-30,Pending,02:00 PM,45,172,Party Room
7ce0,6b53,Customer 419,Birthday Party,2025-04-19,Confirmed,11:00 AM,45,35,Play Area
f669,2b9c,Customer 420,Class,2025-06-05,Pending,02:00 PM,84,119,No Facility
2c56,8b29,Customer 421,Class,2025-04-04,Pending,02:00 PM,120,0,No Facility
c82c,5cb3,Customer 422,Birthday Party,2025-03-30,Confirmed,03:00 PM,90,282,Party Room
0cfc,ef07,Customer 423,Facility,2025-05-05,Confirmed,12:00 PM,120,233,Play Area
c182,ac92,Customer 424,Class,2025-04-07,Confirmed,02:00 PM,120,164,No Facility
2597,2d6c,Customer 425,Birthday Party,2025-03-29,Confirmed,02:00 PM,90,222,Party Room
fcda,416a,Customer 426,Class,2025-04-16,Pending,03:00 PM,90,0,No Facility
d949,5e51,Customer 427,Facility,2025-04-24,Pending,03:00 PM,90,230,Play Area
5675,2def,Customer 428,Birthday Party,2025-04-01,Pending,11:00 AM,90,233,Party Room
5b5e,e60f,Customer 429,Facility,2025-05-02,Confirmed,12:00 PM,120,99,Play Area
d23c,05f6,Customer 430,Class,2025-06-01,Pending,02:00 PM,84,0,No Facility
36b2,f726,Customer 431,Facility,2025-04-07,Pending,03:00 PM,45,74,Play Area
0afe,68b3,Customer 432,Class,2025-05-13,Pending,01:00 PM,120,125,No Facility
5655,da94,Customer 433,Birthday Party,2025-05-23,Pending,12:00 PM,45,127,Party Room
24b3,0814,Customer 434,Birthday Party,2025-06-16,Confirmed,05:00 PM,120,205,Party Room
ad2c,191d,Customer 435,Birthday Party,2025-05-31,Confirmed,09:00 AM,45,293,Party Room
933d,2223,Customer 436,Birthday Party,2025-05-01,Pending,02:00 PM,84,0,Party Room
8c8b,83b2,Customer 437,Class,2025-05-02,Confirmed,04:00 PM,90,177,No Facility
1330,c0f0,Customer 438,Birthday Party,2025-06-16,Confirmed,02:00 PM,120,124,Play Area
e579,d573,Customer 439,Facility,2025-05-14,Pending,01:00 PM,45,236,Party Room
6cfa,3684,Customer 440,Class,2025-06-16,Pending,04:00 PM,45,182,No Facility
cc73,9f53,Customer 441,Birthday Party,2025-06-15,Pending,01:00 PM,90,80,Party Room
d581,a966,Customer 442,Class,2025-04-05,Confirmed,02:00 PM,84,133,No Facility
cd63,7cc6,Customer 443,Birthday Party,2025-05-21,Confirmed,01:00 PM,120,223,Party Room
786e,c505,Customer 444,Facility,2025-06-12,Pending,11:00 AM,90,101,Party Room
8f37,db0b,Customer 445,Birthday Party,2025-04-30,Pending,12:00 PM,120,0,Party Room
76e2,f282,Customer 446,Birthday Party,2025-06-02,Pending,02:00 PM,84,0,Party Room
8d28,b6d4,Customer 447,Class,2025-05-07,Confirmed,02:00 PM,84,139,No Facility
c145,899f,Customer 448,Facility,2025-05-25,Confirmed,01:00 PM,45,0,Play Area
f220,5cd6,Customer 449,Class,2025-04-06,Pending,02:00 PM,84,141,No Facility
dc20,522e,Customer 450,Class,2025-05-16,Pending,05:00 PM,120,218,No Facility
62fe,b65d,Customer 451,Birthday Party,2025-05-13,Confirmed,02:00 PM,84,103,Play Area
4717,c1d8,Customer 452,Class,2025-04-05,Confirmed,05:00 PM,120,239,No Facility
547e,f1de,Customer 453,Birthday Party,2025-03-31,Confirmed,02:00 PM,90,215,Play Area
24a2,0800,Customer 454,Birthday Party,2025-04-09,Pending,02:00 PM,84,169,Party Room
6946,28b9,Customer 455,Facility,2025-05-24,Confirmed,01:00 PM,90,25,Party Room
65b8,c232,Customer 456,Facility,2025-05-15,Confirmed,02:00 PM,45,71,Party Room
6deb,47d7,Customer 457,Class,2025-04-07,Pending,01:00 PM,45,0,No Facility
49d4,a3c8,Customer 458,Class,2025-06-09,Confirmed,02:00 PM,84,121,No Facility
1698,7a32,Customer 459,Birthday Party,2025-04-18,Pending,04:00 PM,45,106,Party Room
b7ed,e27a,Customer 460,Facility,2025-06-22,Confirmed,12:00 PM,90,110,Play Area
51fb,40f7,Customer 461,Birthday Party,2025-06-22,Pending,11:00 AM,120,0,Party Room
3940,e535,Customer 462,Facility,2025-04-07,Pending,02:00 PM,84,62,Party Room
534e,5275,Customer 463,Facility,2025-03-28,Pending,11:00 AM,90,101,Party Room
d84d,dc11,Customer 464,Birthday Party,2025-06-11,Confirmed,02:00 PM,84,230,Play Area
e92b,18a2,Customer 465,Facility,2025-05-17,Confirmed,12:00 PM,45,138,Play Area
9bea,db77,Customer 466,Class,2025-04-17,Confirmed,02:00 PM,84,36,No Facility
0ead,181f,Customer 467,Birthday Party,2025-05-19,Pending,12:00 PM,90,294,Play Area
2c0e,0dd5,Customer 468,Class,2025-05-10,Pending,10:00 AM,90,90,No Facility
b280,a6a2,Customer 469,Facility,2025-03-26,Confirmed,02:00 PM,84,143,Play Area
aec5,46fd,Customer 470,Facility,2025-05-25,Pending,01:00 PM,90,118,Party Room
8a2a,3c2a,Customer 471,Facility,2025-04-02,Confirmed,03:00 PM,45,126,Play Area
9eb5,1067,Customer 472,Facility,2025-05-15,Confirmed,01:00 PM,120,202,Play Area
20cc,b402,Customer 473,Facility,2025-03-27,Pending,02:00 PM,84,292,Play Area
2bc1,c27f,Customer 474,Birthday Party,2025-05-24,Confirmed,10:00 AM,90,129,Party Room
8835,24c1,Customer 475,Class,2025-04-23,Confirmed,03:00 PM,120,86,No Facility
860a,b066,Customer 476,Birthday Party,2025-05-18,Pending,03:00 PM,45,0,Play Area
7d0d,10eb,Customer 477,Class,2025-05-29,Pending,11:00 AM,45,224,No Facility
0fbc,3b99,Customer 478,Facility,2025-06-16,Confirmed,12:00 PM,45,248,Play Area
f56e,6d2d,Customer 479,Class,2025-03-27,Confirmed,04:00 PM,120,102,No Facility
8d9c,4abd,Customer 480,Class,2025-06-13,Pending,02:00 PM,45,47,No Facility
8aca,0e57,Customer 481,Birthday Party,2025-04-03,Confirmed,02:00 PM,84,123,Play Area
b5fc,ab42,Customer 482,Facility,2025-06-05,Pending,02:00 PM,84,116,Party Room
bbe9,fd3e,Customer 483,Birthday Party,2025-06-14,Pending,02:00 PM,84,0,Party Room
63c3,c0a9,Customer 484,Facility,2025-04-07,Pending,11:00 AM,90,114,Play Area
7c0f,03b3,Customer 485,Facility,2025-03-26,Pending,10:00 AM,45,38,Play Area
4441,12d6,Customer 486,Birthday Party,2025-05-07,Confirmed,05:00 PM,90,170,Party Room
ecc3,58b4,Customer 487,Class,2025-05-04,Confirmed,02:00 PM,84,49,No Facility
831a,9e60,Customer 488,Class,2025-05-17,Pending,02:00 PM,45,92,No Facility
a0ba,8e87,Customer 489,Birthday Party,2025-05-04,Pending,11:00 AM,120,183,Party Room
742c,d195,Customer 490,Class,2025-03-28,Confirmed,12:00 PM,120,96,No Facility
e57b,fbae,Customer 491,Birthday Party,2025-04-13,Pending,04:00 PM,45,47,Play Area
d7a1,919c,Customer 492,Birthday Party,2025-05-05,Confirmed,02:00 PM,84,0,Party Room
c247,72fe,Customer 493,Facility,2025-05-16,Confirmed,02:00 PM,84,217,Party Room
946b,f124,Customer 494,Class,2025-04-19,Pending,04:00 PM,90,243,No Facility
8438,5d82,Customer 495,Facility,2025-04-12,Confirmed,10:00 AM,120,281,Play Area
3a46,bdc5,Customer 496,Class,2025-04-25,Confirmed,11:00 AM,90,297,No Facility
ef6f,6ef2,Customer 497,Class,2025-06-04,Confirmed,01:00 PM,90,121,No Facility
b89b,090b,Customer 498,Facility,2025-05-01,Confirmed,03:00 PM,120,189,Play Area
c9ca,5edf,Customer 499,Birthday Party,2025-06-08,Pending,02:00 PM,45,167,Play Area
992b,1920,Customer 500,Birthday Party,2025-04-25,Confirmed,02:00 PM,45,40,Party Room
6849,0241,Customer 501,Facility,2025-06-16,Pending,02:00 PM,90,47,Play Area
6884,8802,Customer 502,Facility,2025-04-04,Pending,11:00 AM,90,157,Party Room
3153,b9de,Customer 503,Facility,2025-04-12,Pending,01:00 PM,90,147,Play Area
3a6a,9c9a,Customer 504,Birthday Party,2025-03-26,Confirmed,04:00 PM,90,84,Party Room
26ec,c7db,Customer 505,Class,2025-06-06,Pending,01:00 PM,45,28,No Facility
f2aa,b970,Customer 506,Class,2025-04-24,Pending,02:00 PM,120,200,No Facility
9313,abac,Customer 507,Birthday Party,2025-04-06,Confirmed,02:00 PM,90,73,Play Area
7fbf,cd04,Customer 508,Birthday Party,2025-04-30,Confirmed,11:00 AM,45,39,Play Area
11c6,479d,Customer 509,Class,2025-04-13,Confirmed,02:00 PM,84,51,No Facility
08e7,4b15,Customer 510,Birthday Party,2025-06-01,Pending,02:00 PM,84,0,Party Room
3bab,a075,Customer 511,Birthday Party,2025-05-07,Confirmed,03:00 PM,90,0,Party Room
0102,b0b3,Customer 512,Class,2025-05-11,Pending,09:00 AM,45,208,No Facility
702d,e521,Customer 513,Birthday Party,2025-05-14,Pending,10:00 AM,45,0,Party Room
b8f3,35bb,Customer 514,Birthday Party,2025-03-31,Pending,01:00 PM,120,45,Party Room
7dcb,5f68,Customer 515,Facility,2025-06-11,Confirmed,04:00 PM,45,277,Play Area
7ce8,c83a,Customer 516,Birthday Party,2025-06-02,Pending,02:00 PM,120,104,Party Room
8ab1,075f,Customer 517,Birthday Party,2025-04-28,Pending,01:00 PM,120,179,Party Room
0cd5,5b8a,Customer 518,Class,2025-06-15,Pending,01:00 PM,90,82,No Facility
0f2d,b055,Customer 519,Birthday Party,2025-04-09,Confirmed,03:00 PM,45,133,Party Room
fbe5,8346,Customer 520,Class,2025-06-08,Pending,10:00 AM,120,25,No Facility
6255,9912,Customer 521,Birthday Party,2025-05-20,Pending,02:00 PM,45,299,Play Area
c697,9df8,Customer 522,Facility,2025-06-15,Pending,05:00 PM,90,149,Play Area
7432,bf0f,Customer 523,Class,2025-05-29,Pending,05:00 PM,120,83,No Facility
81f1,1e3f,Customer 524,Class,2025-04-15,Confirmed,10:00 AM,45,247,No Facility
5e19,8f8f,Customer 525,Birthday Party,2025-05-09,Confirmed,11:00 AM,90,0,Party Room
d97b,c514,Customer 526,Class,2025-05-15,Pending,11:00 AM,90,210,No Facility
fd27,2401,Customer 527,Facility,2025-04-24,Confirmed,09:00 AM,90,191,Party Room
de7f,8a05,Customer 528,Class,2025-05-04,Confirmed,12:00 PM,90,298,No Facility
4948,8835,Customer 529,Class,2025-06-11,Confirmed,04:00 PM,45,194,No Facility
1e6a,23e2,Customer 530,Class,2025-06-16,Confirmed,02:00 PM,45,45,No Facility
d157,100a,Customer 531,Birthday Party,2025-05-08,Pending,12:00 PM,90,53,Play Area
10b9,c52b,Customer 532,Facility,2025-03-30,Pending,01:00 PM,45,108,Party Room
780f,10b0,Customer 533,Birthday Party,2025-04-13,Pending,03:00 PM,90,126,Play Area
f710,0738,Customer 534,Class,2025-06-16,Confirmed,02:00 PM,84,271,No Facility
746d,b3a8,Customer 535,Facility,2025-05-25,Confirmed,01:00 PM,120,0,Play Area
49e4,7f40,Customer 536,Facility,2025-06-12,Confirmed,03:00 PM,120,258,Play Area
8c43,8b43,Customer 537,Facility,2025-06-02,Pending,10:00 AM,90,266,Play Area
aa78,23b8,Customer 538,Birthday Party,2025-06-16,Confirmed,09:00 AM,90,0,Party Room
15d5,b38b,Customer 539,Birthday Party,2025-03-30,Pending,01:00 PM,90,102,Play Area
363d,d0bc,Customer 540,Facility,2025-04-29,Confirmed,04:00 PM,90,27,Party Room
d63a,b6eb,Customer 541,Facility,2025-04-24,Pending,02:00 PM,84,105,Party Room
2068,a0c8,Customer 542,Facility,2025-06-20,Confirmed,02:00 PM,45,242,Play Area
1811,7a06,Customer 543,Class,2025-06-09,Confirmed,10:00 AM,120,0,No Facility
e4e5,5267,Customer 544,Facility,2025-05-07,Pending,09:00 AM,45,113,Play Area
2be9,119d,Customer 545,Facility,2025-05-05,Pending,12:00 PM,90,61,Play Area
82ea,4d47,Customer 546,Facility,2025-04-02,Pending,01:00 PM,45,108,Party Room
5fe9,ff23,Customer 547,Facility,2025-05-27,Confirmed,09:00 AM,120,193,Play Area
053d,64f0,Customer 548,Class,2025-04-17,Pending,02:00 PM,45,33,No Facility
14b7,f419,Customer 549,Facility,2025-06-14,Confirmed,01:00 PM,120,206,Play Area
8e39,b544,Customer 550,Class,2025-04-07,Pending,10:00 AM,45,224,No Facility
6c38,6ed6,Customer 551,Class,2025-06-03,Pending,03:00 PM,120,91,No Facility
247d,2e65,Customer 552,Facility,2025-05-07,Pending,02:00 PM,90,224,Play Area
34d8,c595,Customer 553,Birthday Party,2025-05-26,Confirmed,04:00 PM,90,82,Play Area
ef1c,c722,Customer 554,Facility,2025-06-04,Confirmed,02:00 PM,84,291,Party Room
8d6e,ca35,Customer 555,Facility,2025-05-09,Pending,02:00 PM,84,286,Play Area
0d31,805d,Customer 556,Class,2025-06-14,Pending,03:00 PM,45,112,No Facility
4a96,f4ba,Customer 557,Facility,2025-05-11,Confirmed,02:00 PM,84,139,Play Area
2b10,3ba9,Customer 558,Class,2025-05-10,Confirmed,02:00 PM,84,0,No Facility
ad1e,c606,Customer 559,Facility,2025-05-12,Pending,11:00 AM,45,0,Party Room
1462,e582,Customer 560,Facility,2025-03-28,Confirmed,05:00 PM,120,0,Party Room
81c7,4811,Customer 561,Birthday Party,2025-06-17,Confirmed,12:00 PM,120,296,Play Area
1220,5423,Customer 562,Class,2025-04-28,Confirmed,10:00 AM,90,120,No Facility
876d,eb29,Customer 563,Facility,2025-04-25,Pending,02:00 PM,120,101,Party Room
3157,46fd,Customer 564,Birthday Party,2025-04-07,Confirmed,01:00 PM,90,49,Party Room
860a,03dd,Customer 565,Class,2025-05-30,Confirmed,02:00 PM,84,0,No Facility
b3ba,203f,Customer 566,Class,2025-05-26,Pending,12:00 PM,90,64,No Facility
3011,8529,Customer 567,Class,2025-04-25,Confirmed,02:00 PM,45,199,No Facility
d6f0,a007,Customer 568,Birthday Party,2025-05-25,Confirmed,04:00 PM,120,0,Play Area
8d9e,7309,Customer 569,Birthday Party,2025-05-12,Confirmed,02:00 PM,90,120,Play Area
f915,08e7,Customer 570,Class,2025-04-26,Confirmed,02:00 PM,45,171,No Facility
3e7f,e309,Customer 571,Birthday Party,2025-04-09,Confirmed,11:00 AM,90,29,Play Area
992c,e2f8,Customer 572,Class,2025-06-14,Confirmed,05:00 PM,90,105,No Facility
ce38,f055,Customer 573,Birthday Party,2025-04-30,Pending,02:00 PM,84,175,Party Room
e942,d903,Customer 574,Facility,2025-04-22,Pending,12:00 PM,120,271,Play Area
f636,b130,Customer 575,Class,2025-06-20,Confirmed,02:00 PM,84,290,No Facility
8c3a,9af0,Customer 576,Birthday Party,2025-05-28,Pending,10:00 AM,45,33,Party Room
3a6a,c271,Customer 577,Facility,2025-04-29,Confirmed,11:00 AM,120,0,Play Area
da0e,a912,Customer 578,Class,2025-04-06,Confirmed,02:00 PM,45,147,No Facility
b64e,e9ff,Customer 579,Class,2025-05-02,Pending,09:00 AM,90,244,No Facility
cb59,6918,Customer 580,Birthday Party,2025-06-21,Confirmed,02:00 PM,84,0,Play Area
11cc,12ac,Customer 581,Birthday Party,2025-05-20,Pending,03:00 PM,90,285,Party Room
cfd7,1b74,Customer 582,Class,2025-06-18,Confirmed,04:00 PM,120,200,No Facility
24ce,ea45,Customer 583,Class,2025-06-01,Confirmed,02:00 PM,120,170,No Facility
0c8c,6059,Customer 584,Class,2025-05-22,Confirmed,04:00 PM,120,127,No Facility
779f,b39b,Customer 585,Class,2025-05-21,Pending,10:00 AM,120,293,No Facility
55d8,5ee0,Customer 586,Class,2025-05-08,Confirmed,05:00 PM,90,118,No Facility
f996,345d,Customer 587,Birthday Party,2025-05-02,Confirmed,01:00 PM,120,60,Play Area
dfbe,0a08,Customer 588,Class,2025-05-04,Pending,09:00 AM,120,0,No Facility
58ba,859a,Customer 589,Class,2025-04-09,Confirmed,01:00 PM,90,76,No Facility
3486,1e40,Customer 590,Birthday Party,2025-04-02,Pending,05:00 PM,45,283,Play Area
8618,27c2,Customer 591,Facility,2025-05-29,Confirmed,02:00 PM,45,60,Party Room
ba95,aead,Customer 592,Birthday Party,2025-05-27,Confirmed,02:00 PM,84,143,Play Area
fcba,be83,Customer 593,Birthday Party,2025-05-10,Pending,04:00 PM,90,89,Party Room
fcf1,fc44,Customer 594,Class,2025-05-06,Pending,10:00 AM,90,0,No Facility
9d5f,a814,Customer 595,Birthday Party,2025-05-09,Confirmed,10:00 AM,90,61,Party Room
319a,874a,Customer 596,Birthday Party,2025-03-30,Confirmed,12:00 PM,90,172,Play Area
aaa7,a22a,Customer 597,Class,2025-05-06,Confirmed,04:00 PM,90,121,No Facility
2c89,48a1,Customer 598,Facility,2025-06-04,Pending,09:00 AM,120,30,Play Area
7bcc,bc55,Customer 599,Class,2025-04-07,Confirmed,02:00 PM,90,165,No Facility
6721,87e1,Customer 600,Facility,2025-06-04,Confirmed,03:00 PM,90,190,Play Area
04d9,de0f,Customer 601,Class,2025-05-30,Pending,12:00 PM,120,231,No Facility
cda5,ea56,Customer 602,Class,2025-04-30,Pending,02:00 PM,84,43,No Facility
3ae3,8035,Customer 603,Birthday Party,2025-05-06,Confirmed,11:00 AM,120,218,Play Area
448a,2db7,Customer 604,Class,2025-04-11,Confirmed,02:00 PM,84,187,No Facility
e66c,5643,Customer 605,Class,2025-04-02,Confirmed,02:00 PM,84,0,No Facility
f460,a3b1,Customer 606,Facility,2025-05-12,Confirmed,11:00 AM,45,167,Play Area
b2a6,80bf,Customer 607,Facility,2025-05-17,Confirmed,10:00 AM,45,115,Party Room
4952,20dc,Customer 608,Class,2025-04-11,Pending,01:00 PM,120,174,No Facility
4e1c,0c5b,Customer 609,Birthday Party,2025-06-07,Confirmed,02:00 PM,84,128,Play Area
e29f,d73c,Customer 610,Facility,2025-04-16,Pending,02:00 PM,45,0,Play Area
8ff0,7234,Customer 611,Birthday Party,2025-04-03,Confirmed,02:00 PM,84,0,Party Room
2419,fa83,Customer 612,Facility,2025-06-11,Confirmed,02:00 PM,84,181,Play Area
b76a,dc4e,Customer 613,Birthday Party,2025-04-23,Confirmed,02:00 PM,84,163,Party Room
8744,611a,Customer 614,Birthday Party,2025-05-22,Confirmed,11:00 AM,45,123,Play Area
51ce,e192,Customer 615,Class,2025-03-31,Confirmed,09:00 AM,45,77,No Facility
cb38,05aa,Customer 616,Birthday Party,2025-05-27,Confirmed,11:00 AM,120,94,Play Area
e1c3,7297,Customer 617,Birthday Party,2025-04-01,Pending,09:00 AM,90,124,Play Area
a033,4093,Customer 618,Class,2025-05-17,Pending,02:00 PM,90,97,No Facility
8b2c,f8c4,Customer 619,Facility,2025-04-19,Pending,04:00 PM,120,182,Party Room
84d3,0992,Customer 620,Facility,2025-05-13,Pending,02:00 PM,120,137,Play Area
e0e9,b1ca,Customer 621,Facility,2025-04-04,Pending,09:00 AM,120,296,Play Area
4f7c,1229,Customer 622,Birthday Party,2025-06-02,Pending,01:00 PM,45,265,Play Area
1510,1179,Customer 623,Facility,2025-03-25,Pending,12:00 PM,45,263,Party Room
090b,d456,Customer 624,Facility,2025-03-25,Confirmed,04:00 PM,45,92,Play Area
f4df,e5c0,Customer 625,Birthday Party,2025-05-12,Pending,10:00 AM,90,40,Party Room
958b,53b8,Customer 626,Birthday Party,2025-06-16,Pending,12:00 PM,45,297,Party Room
c899,ef80,Customer 627,Facility,2025-04-12,Confirmed,05:00 PM,120,24,Party Room
ecd8,1eda,Customer 628,Birthday Party,2025-06-02,Pending,09:00 AM,45,251,Party Room
6b9e,5a0c,Customer 629,Birthday Party,2025-05-02,Pending,12:00 PM,90,114,Party Room
dde2,4c61,Customer 630,Birthday Party,2025-04-01,Confirmed,12:00 PM,45,275,Party Room
962c,b43c,Customer 631,Facility,2025-05-12,Pending,03:00 PM,45,94,Party Room
510a,8ef3,Customer 632,Facility,2025-04-19,Confirmed,05:00 PM,90,189,Party Room
27bc,7104,Customer 633,Birthday Party,2025-04-14,Pending,02:00 PM,84,270,Party Room
80bf,26d4,Customer 634,Facility,2025-06-10,Pending,02:00 PM,84,105,Play Area
7ef7,1be2,Customer 635,Birthday Party,2025-05-13,Pending,04:00 PM,90,62,Play Area
7b6d,fb33,Customer 636,Class,2025-06-12,Confirmed,11:00 AM,90,203,No Facility
122b,0b6e,Customer 637,Facility,2025-05-19,Confirmed,09:00 AM,90,262,Play Area
e70b,4c7d,Customer 638,Birthday Party,2025-05-24,Confirmed,09:00 AM,45,0,Play Area
e172,aa5b,Customer 639,Birthday Party,2025-04-27,Pending,02:00 PM,84,94,Party Room
dc62,df43,Customer 640,Birthday Party,2025-06-09,Confirmed,02:00 PM,45,232,Play Area
cfb5,f220,Customer 641,Class,2025-05-07,Confirmed,04:00 PM,90,19,No Facility
e4b6,0298,Customer 642,Facility,2025-04-21,Pending,01:00 PM,120,130,Play Area
6db0,068a,Customer 643,Facility,2025-05-16,Pending,11:00 AM,120,81,Party Room
9eab,36a2,Customer 644,Birthday Party,2025-06-15,Confirmed,02:00 PM,45,58,Party Room
e864,1c60,Customer 645,Facility,2025-05-30,Pending,05:00 PM,120,155,Play Area
8b8b,a10b,Customer 646,Facility,2025-05-09,Pending,10:00 AM,90,42,Play Area
8ee2,74a3,Customer 647,Facility,2025-06-10,Confirmed,02:00 PM,84,0,Play Area
b98c,a3a5,Customer 648,Birthday Party,2025-04-14,Confirmed,03:00 PM,45,136,Play Area
ef2a,1a01,Customer 649,Class,2025-04-29,Pending,02:00 PM,45,94,No Facility
81ea,2044,Customer 650,Class,2025-05-24,Pending,11:00 AM,90,211,No Facility
a795,0113,Customer 651,Facility,2025-04-25,Confirmed,02:00 PM,84,0,Play Area
76bb,3f49,Customer 652,Class,2025-04-10,Pending,10:00 AM,45,220,No Facility
2ee3,9d07,Customer 653,Birthday Party,2025-04-24,Pending,10:00 AM,45,291,Play Area
b009,69a7,Customer 654,Facility,2025-06-15,Confirmed,11:00 AM,90,0,Party Room
df63,cd72,Customer 655,Birthday Party,2025-06-09,Confirmed,02:00 PM,120,265,Play Area
1e56,7f08,Customer 656,Birthday Party,2025-04-07,Pending,02:00 PM,84,0,Party Room
df1b,f08f,Customer 657,Facility,2025-06-14,Confirmed,02:00 PM,84,116,Party Room
0af7,aca4,Customer 658,Class,2025-04-10,Pending,09:00 AM,90,280,No Facility
b18b,a3c5,Customer 659,Birthday Party,2025-04-05,Confirmed,12:00 PM,45,53,Play Area
8e6d,6c1e,Customer 660,Birthday Party,2025-04-19,Pending,02:00 PM,84,294,Party Room
7854,fc8e,Customer 661,Class,2025-06-03,Confirmed,02:00 PM,84,17,No Facility
acef,d623,Customer 662,Birthday Party,2025-05-15,Confirmed,09:00 AM,90,251,Party Room
9be7,d516,Customer 663,Facility,2025-06-09,Confirmed,12:00 PM,90,285,Play Area
d350,5b4b,Customer 664,Birthday Party,2025-04-13,Confirmed,02:00 PM,84,117,Party Room
a235,097d,Customer 665,Birthday Party,2025-05-13,Pending,11:00 AM,45,284,Play Area
5c9b,a13a,Customer 666,Facility,2025-04-13,Confirmed,12:00 PM,45,0,Party Room
84b9,d912,Customer 667,Birthday Party,2025-04-28,Confirmed,09:00 AM,45,227,Party Room
b371,1b73,Customer 668,Birthday Party,2025-05-17,Confirmed,04:00 PM,90,61,Party Room
0a4b,bddc,Customer 669,Class,2025-04-07,Pending,01:00 PM,90,170,No Facility
5a1d,750e,Customer 670,Class,2025-04-18,Pending,01:00 PM,90,244,No Facility
ec47,970f,Customer 671,Facility,2025-03-27,Confirmed,01:00 PM,90,94,Play Area
9d63,4fd0,Customer 672,Birthday Party,2025-06-02,Pending,05:00 PM,120,83,Play Area
66db,71da,Customer 673,Class,2025-05-02,Confirmed,02:00 PM,84,0,No Facility
92e9,1c2d,Customer 674,Facility,2025-06-12,Confirmed,01:00 PM,90,228,Party Room
1ffa,39c5,Customer 675,Class,2025-04-17,Confirmed,02:00 PM,84,249,No Facility
1b89,7c92,Customer 676,Class,2025-05-13,Pending,09:00 AM,90,159,No Facility
891e,d7b2,Customer 677,Facility,2025-04-05,Pending,03:00 PM,120,66,Party Room
1c34,90e9,Customer 678,Facility,2025-05-08,Confirmed,10:00 AM,90,216,Play Area
1e55,f60c,Customer 679,Birthday Party,2025-05-07,Pending,02:00 PM,84,154,Party Room
ef52,ab1a,Customer 680,Facility,2025-03-27,Pending,10:00 AM,120,273,Play Area
9c2e,851f,Customer 681,Class,2025-03-29,Confirmed,02:00 PM,84,246,No Facility
ae6b,d312,Customer 682,Birthday Party,2025-04-28,Confirmed,04:00 PM,45,236,Party Room
9262,2fac,Customer 683,Facility,2025-06-14,Pending,01:00 PM,90,237,Play Area
e400,2f37,Customer 684,Birthday Party,2025-05-21,Confirmed,03:00 PM,120,131,Play Area
f825,f272,Customer 685,Birthday Party,2025-04-06,Confirmed,02:00 PM,90,72,Party Room
6059,360c,Customer 686,Birthday Party,2025-06-08,Confirmed,11:00 AM,45,182,Play Area
2743,fd8c,Customer 687,Class,2025-04-05,Confirmed,02:00 PM,90,40,No Facility
1697,d8d3,Customer 688,Birthday Party,2025-03-28,Confirmed,02:00 PM,84,286,Play Area
302c,e086,Customer 689,Class,2025-05-03,Confirmed,11:00 AM,120,20,No Facility
59c3,01cc,Customer 690,Facility,2025-04-25,Pending,02:00 PM,84,90,Party Room
6cca,4f8f,Customer 691,Class,2025-05-07,Pending,09:00 AM,45,146,No Facility
9ec9,c506,Customer 692,Facility,2025-06-11,Confirmed,10:00 AM,90,0,Play Area
ed24,9c84,Customer 693,Birthday Party,2025-04-14,Confirmed,02:00 PM,84,22,Party Room
3dae,ec0e,Customer 694,Facility,2025-04-16,Pending,01:00 PM,45,228,Play Area
fa7b,3762,Customer 695,Birthday Party,2025-04-08,Pending,03:00 PM,90,271,Party Room
eb04,71a8,Customer 696,Facility,2025-04-11,Pending,02:00 PM,84,276,Play Area
4f25,2933,Customer 697,Facility,2025-05-12,Confirmed,09:00 AM,45,70,Party Room
1a39,4945,Customer 698,Class,2025-06-21,Pending,05:00 PM,120,189,No Facility
d46f,840e,Customer 699,Class,2025-05-13,Pending,03:00 PM,120,36,No Facility
253c,dd68,Customer 700,Birthday Party,2025-05-12,Confirmed,02:00 PM,120,156,Party Room
acf3,65bd,Customer 701,Birthday Party,2025-05-28,Pending,01:00 PM,45,159,Play Area
04fd,4eef,Customer 702,Class,2025-06-09,Confirmed,01:00 PM,45,126,No Facility
9345,8029,Customer 703,Facility,2025-06-16,Pending,05:00 PM,45,147,Play Area
f8db,ef82,Customer 704,Facility,2025-06-02,Confirmed,02:00 PM,84,161,Party Room
59b7,c281,Customer 705,Facility,2025-04-02,Pending,02:00 PM,84,115,Party Room
6dec,ae51,Customer 706,Facility,2025-03-28,Pending,02:00 PM,84,198,Play Area
953f,d926,Customer 707,Class,2025-04-16,Pending,05:00 PM,120,234,No Facility
9955,2666,Customer 708,Birthday Party,2025-04-30,Confirmed,03:00 PM,90,271,Play Area
73d6,9747,Customer 709,Birthday Party,2025-04-01,Confirmed,10:00 AM,45,300,Play Area
a6dd,c6f3,Customer 710,Facility,2025-04-20,Pending,12:00 PM,120,199,Play Area
6d35,2453,Customer 711,Facility,2025-05-20,Pending,10:00 AM,120,211,Play Area
9c6d,905b,Customer 712,Facility,2025-05-17,Pending,12:00 PM,120,282,Party Room
b866,5b4b,Customer 713,Facility,2025-04-07,Confirmed,02:00 PM,45,98,Party Room
fb9d,2d87,Customer 714,Birthday Party,2025-05-27,Pending,05:00 PM,120,17,Party Room
62ca,f87c,Customer 715,Class,2025-06-09,Confirmed,04:00 PM,120,111,No Facility
8b72,9924,Customer 716,Facility,2025-05-17,Confirmed,02:00 PM,120,283,Play Area
e7fb,786d,Customer 717,Class,2025-04-28,Confirmed,01:00 PM,45,53,No Facility
3caf,468e,Customer 718,Class,2025-03-28,Pending,12:00 PM,90,54,No Facility
6481,6fd5,Customer 719,Facility,2025-03-28,Pending,03:00 PM,45,157,Party Room
0d24,1d26,Customer 720,Birthday Party,2025-05-13,Pending,02:00 PM,84,177,Play Area
47ed,a43d,Customer 721,Facility,2025-04-17,Confirmed,03:00 PM,90,239,Party Room
4bf0,a800,Customer 722,Class,2025-05-14,Confirmed,12:00 PM,90,26,No Facility
7b12,eb66,Customer 723,Class,2025-04-04,Confirmed,10:00 AM,45,33,No Facility
69c2,3694,Customer 724,Facility,2025-06-19,Pending,09:00 AM,120,173,Party Room
e34f,b99f,Customer 725,Birthday Party,2025-06-18,Confirmed,11:00 AM,90,53,Party Room
33f2,f737,Customer 726,Birthday Party,2025-04-19,Confirmed,04:00 PM,90,87,Play Area
1e4f,e0c1,Customer 727,Facility,2025-03-28,Pending,01:00 PM,90,77,Play Area
c17d,2b07,Customer 728,Class,2025-06-06,Confirmed,02:00 PM,84,146,No Facility
fbed,d154,Customer 729,Class,2025-04-27,Pending,01:00 PM,120,270,No Facility
4714,11e5,Customer 730,Birthday Party,2025-04-27,Pending,04:00 PM,90,197,Play Area
6c5b,7586,Customer 731,Class,2025-04-10,Pending,05:00 PM,120,188,No Facility
4973,b435,Customer 732,Class,2025-06-13,Confirmed,05:00 PM,120,204,No Facility
d54b,d550,Customer 733,Facility,2025-04-24,Confirmed,03:00 PM,45,273,Party Room
3eca,feea,Customer 734,Class,2025-06-22,Pending,11:00 AM,45,227,No Facility
ef36,82e0,Customer 735,Class,2025-06-21,Pending,02:00 PM,84,172,No Facility
1cc3,c90f,Customer 736,Birthday Party,2025-03-28,Confirmed,02:00 PM,84,188,Play Area
637c,ce86,Customer 737,Facility,2025-04-19,Pending,11:00 AM,90,273,Party Room
27ba,8d4e,Customer 738,Birthday Party,2025-04-14,Pending,04:00 PM,90,109,Party Room
8ab5,febd,Customer 739,Facility,2025-05-31,Confirmed,10:00 AM,90,281,Party Room
c42a,27c8,Customer 740,Class,2025-06-04,Confirmed,02:00 PM,84,257,No Facility
894f,467e,Customer 741,Class,2025-05-07,Pending,11:00 AM,120,67,No Facility
1077,b902,Customer 742,Birthday Party,2025-04-03,Confirmed,01:00 PM,45,227,Party Room
d144,f62d,Customer 743,Class,2025-04-10,Confirmed,10:00 AM,120,182,No Facility
7586,ca0d,Customer 744,Birthday Party,2025-06-06,Confirmed,09:00 AM,120,0,Party Room
500d,1ac7,Customer 745,Class,2025-06-13,Confirmed,02:00 PM,120,249,No Facility
ec52,1223,Customer 746,Birthday Party,2025-04-27,Confirmed,01:00 PM,45,164,Party Room
6944,6f9b,Customer 747,Birthday Party,2025-06-12,Pending,02:00 PM,120,98,Party Room
149a,3428,Customer 748,Class,2025-06-07,Pending,02:00 PM,84,40,No Facility
4dfe,f32b,Customer 749,Class,2025-04-01,Confirmed,09:00 AM,45,99,No Facility
ab80,dfb8,Customer 750,Birthday Party,2025-03-25,Pending,02:00 PM,84,255,Play Area
aa95,d0a7,Customer 751,Class,2025-06-09,Confirmed,03:00 PM,90,231,No Facility
ff47,5ee6,Customer 752,Facility,2025-05-26,Confirmed,03:00 PM,120,172,Play Area
acd4,0951,Customer 753,Birthday Party,2025-04-25,Pending,10:00 AM,90,187,Play Area
f821,f313,Customer 754,Class,2025-05-16,Confirmed,02:00 PM,84,246,No Facility
27ff,6405,Customer 755,Birthday Party,2025-06-18,Pending,05:00 PM,90,0,Party Room
8d12,b489,Customer 756,Facility,2025-06-21,Pending,05:00 PM,120,57,Play Area
b852,e544,Customer 757,Class,2025-04-08,Pending,02:00 PM,90,257,No Facility
fb42,9587,Customer 758,Class,2025-05-09,Confirmed,10:00 AM,45,21,No Facility
0f24,448d,Customer 759,Birthday Party,2025-05-21,Pending,02:00 PM,84,259,Play Area
23ef,a376,Customer 760,Facility,2025-05-26,Confirmed,01:00 PM,45,92,Play Area
8c89,05cf,Customer 761,Facility,2025-03-30,Confirmed,02:00 PM,45,232,Play Area
7694,c376,Customer 762,Facility,2025-04-02,Pending,03:00 PM,120,206,Party Room
df2a,39aa,Customer 763,Facility,2025-05-25,Pending,02:00 PM,84,251,Party Room
ca09,124f,Customer 764,Facility,2025-05-06,Pending,10:00 AM,90,0,Party Room
58df,a24f,Customer 765,Facility,2025-05-04,Pending,12:00 PM,45,53,Party Room
764e,f23a,Customer 766,Class,2025-06-05,Pending,03:00 PM,120,84,No Facility
a146,7288,Customer 767,Birthday Party,2025-06-17,Pending,10:00 AM,90,49,Party Room
1fea,7b2b,Customer 768,Birthday Party,2025-06-17,Pending,11:00 AM,90,92,Play Area
589f,7b96,Customer 769,Class,2025-05-10,Pending,02:00 PM,84,0,No Facility
5803,e883,Customer 770,Birthday Party,2025-04-21,Confirmed,02:00 PM,84,101,Play Area
c2c8,ba1a,Customer 771,Facility,2025-06-22,Confirmed,02:00 PM,84,168,Play Area
354c,cbc6,Customer 772,Birthday Party,2025-04-23,Confirmed,04:00 PM,90,116,Party Room
8303,279e,Customer 773,Class,2025-04-27,Confirmed,01:00 PM,90,183,No Facility
6ed1,a7be,Customer 774,Birthday Party,2025-05-24,Pending,02:00 PM,84,152,Party Room
60b1,d9d5,Customer 775,Class,2025-04-09,Confirmed,02:00 PM,84,193,No Facility
cf9f,8f43,Customer 776,Class,2025-04-04,Pending,02:00 PM,84,259,No Facility
918b,9f9b,Customer 777,Birthday Party,2025-05-16,Pending,02:00 PM,90,253,Party Room
7f11,983f,Customer 778,Class,2025-04-06,Confirmed,11:00 AM,90,208,No Facility
68f0,7299,Customer 779,Facility,2025-06-10,Pending,04:00 PM,90,262,Party Room
5e64,2eaa,Customer 780,Facility,2025-06-04,Confirmed,10:00 AM,120,86,Party Room
b6a3,3001,Customer 781,Birthday Party,2025-06-21,Confirmed,02:00 PM,120,142,Party Room
b82f,4d7f,Customer 782,Class,2025-04-11,Pending,10:00 AM,90,134,No Facility
dc7f,9abd,Customer 783,Class,2025-04-06,Pending,10:00 AM,45,54,No Facility
b61d,f8fc,Customer 784,Facility,2025-04-01,Confirmed,02:00 PM,84,94,Party Room
0d6f,f8e0,Customer 785,Birthday Party,2025-04-27,Confirmed,11:00 AM,45,251,Party Room
77c6,10bc,Customer 786,Class,2025-05-24,Pending,09:00 AM,120,288,No Facility
c8ca,8f07,Customer 787,Facility,2025-04-18,Pending,11:00 AM,90,263,Play Area
232b,a2ee,Customer 788,Class,2025-05-19,Confirmed,01:00 PM,120,188,No Facility
6201,7bc3,Customer 789,Facility,2025-05-09,Pending,09:00 AM,120,243,Play Area
3579,39f3,Customer 790,Birthday Party,2025-05-06,Pending,11:00 AM,90,49,Play Area
1696,179d,Customer 791,Class,2025-05-28,Confirmed,02:00 PM,84,70,No Facility
225e,2b6b,Customer 792,Class,2025-03-27,Pending,01:00 PM,45,30,No Facility
f926,fa5b,Customer 793,Class,2025-05-03,Confirmed,12:00 PM,120,18,No Facility
4bf7,1b04,Customer 794,Class,2025-06-02,Pending,04:00 PM,90,25,No Facility
9c98,5735,Customer 795,Birthday Party,2025-06-11,Pending,09:00 AM,45,146,Play Area
64cb,e03f,Customer 796,Class,2025-06-02,Confirmed,05:00 PM,45,250,No Facility
d7b7,9c36,Customer 797,Birthday Party,2025-06-07,Confirmed,01:00 PM,90,0,Party Room
bc28,fefe,Customer 798,Birthday Party,2025-04-21,Confirmed,04:00 PM,90,58,Party Room
36aa,54a6,Customer 799,Birthday Party,2025-05-25,Pending,02:00 PM,120,284,Party Room
6502,923d,Customer 800,Birthday Party,2025-05-21,Confirmed,05:00 PM,90,170,Play Area
8197,b66c,Customer 801,Class,2025-06-11,Pending,02:00 PM,90,0,No Facility
2f93,b63d,Customer 802,Birthday Party,2025-05-03,Confirmed,11:00 AM,45,195,Party Room
c348,dc32,Customer 803,Birthday Party,2025-05-29,Confirmed,02:00 PM,84,56,Play Area
9671,9466,Customer 804,Birthday Party,2025-04-11,Confirmed,05:00 PM,120,256,Party Room
e7c3,cb4c,Customer 805,Birthday Party,2025-05-23,Confirmed,02:00 PM,84,63,Play Area
b9fb,8b4b,Customer 806,Class,2025-03-27,Confirmed,05:00 PM,45,233,No Facility
5a7d,b973,Customer 807,Facility,2025-03-30,Pending,02:00 PM,84,83,Play Area
26cc,4599,Customer 808,Class,2025-06-15,Confirmed,03:00 PM,90,0,No Facility
cdd6,80e5,Customer 809,Birthday Party,2025-03-31,Pending,12:00 PM,120,0,Play Area
5ac3,36b2,Customer 810,Class,2025-05-07,Confirmed,01:00 PM,120,124,No Facility
a001,dbe7,Customer 811,Facility,2025-04-07,Pending,09:00 AM,45,69,Play Area
2d95,9e62,Customer 812,Birthday Party,2025-04-06,Confirmed,01:00 PM,120,144,Play Area
21e1,5a73,Customer 813,Birthday Party,2025-05-07,Pending,03:00 PM,90,98,Play Area
57c1,ed69,Customer 814,Birthday Party,2025-06-10,Pending,04:00 PM,45,280,Party Room
9d5f,187e,Customer 815,Facility,2025-03-26,Confirmed,02:00 PM,84,0,Play Area
c560,3406,Customer 816,Class,2025-04-20,Pending,03:00 PM,90,134,No Facility
69ef,3fb8,Customer 817,Facility,2025-04-14,Pending,02:00 PM,84,19,Play Area
1534,260b,Customer 818,Class,2025-05-08,Pending,01:00 PM,45,264,No Facility
d16f,620f,Customer 819,Class,2025-06-10,Pending,12:00 PM,45,213,No Facility
7be9,244d,Customer 820,Facility,2025-04-24,Confirmed,02:00 PM,45,0,Play Area
03a4,800b,Customer 821,Birthday Party,2025-04-23,Pending,10:00 AM,45,286,Play Area
6f28,6598,Customer 822,Class,2025-06-20,Pending,11:00 AM,90,185,No Facility
352b,42fb,Customer 823,Facility,2025-03-27,Pending,02:00 PM,84,110,Play Area
6e56,4135,Customer 824,Class,2025-05-07,Pending,04:00 PM,120,200,No Facility
ef65,6964,Customer 825,Birthday Party,2025-06-04,Pending,12:00 PM,90,71,Play Area
e0aa,0dd7,Customer 826,Birthday Party,2025-04-01,Confirmed,02:00 PM,84,218,Party Room
0e3e,c737,Customer 827,Birthday Party,2025-04-29,Pending,02:00 PM,84,187,Play Area
7db0,e2ff,Customer 828,Birthday Party,2025-05-19,Confirmed,11:00 AM,90,138,Play Area
9422,139e,Customer 829,Birthday Party,2025-04-14,Pending,02:00 PM,84,40,Party Room
7416,8918,Customer 830,Class,2025-06-03,Pending,01:00 PM,45,72,No Facility
2595,d526,Customer 831,Birthday Party,2025-04-27,Confirmed,05:00 PM,45,50,Play Area
33f0,4aec,Customer 832,Class,2025-04-24,Confirmed,04:00 PM,45,36,No Facility
c8c3,c887,Customer 833,Birthday Party,2025-04-10,Confirmed,12:00 PM,90,84,Play Area
cb44,af62,Customer 834,Facility,2025-05-07,Confirmed,05:00 PM,120,239,Party Room
4e19,7218,Customer 835,Class,2025-05-10,Confirmed,05:00 PM,120,183,No Facility
7195,cd69,Customer 836,Class,2025-04-04,Confirmed,12:00 PM,120,116,No Facility
dc1c,2d38,Customer 837,Facility,2025-03-30,Pending,05:00 PM,45,218,Play Area
6974,5c33,Customer 838,Birthday Party,2025-06-19,Pending,12:00 PM,45,59,Play Area
4896,c41d,Customer 839,Facility,2025-06-07,Pending,02:00 PM,84,58,Party Room
fc08,df18,Customer 840,Class,2025-03-26,Confirmed,10:00 AM,90,94,No Facility
a21a,bda3,Customer 841,Facility,2025-04-26,Pending,02:00 PM,84,221,Party Room
cffa,68ee,Customer 842,Class,2025-03-28,Confirmed,12:00 PM,45,102,No Facility
7ee7,9c3f,Customer 843,Class,2025-04-04,Pending,11:00 AM,45,85,No Facility
2215,292b,Customer 844,Class,2025-05-05,Pending,10:00 AM,45,218,No Facility
3640,3662,Customer 845,Class,2025-05-20,Confirmed,02:00 PM,84,42,No Facility
f3c3,8605,Customer 846,Birthday Party,2025-04-07,Pending,05:00 PM,120,15,Party Room
0570,9e98,Customer 847,Facility,2025-04-19,Confirmed,11:00 AM,90,256,Party Room
b077,7ab2,Customer 848,Birthday Party,2025-05-27,Pending,01:00 PM,90,262,Play Area
9735,8ae3,Customer 849,Facility,2025-06-04,Pending,03:00 PM,45,169,Play Area
872c,95ea,Customer 850,Birthday Party,2025-05-04,Pending,02:00 PM,45,241,Party Room
8222,944b,Customer 851,Class,2025-05-08,Pending,03:00 PM,120,189,No Facility
567d,6f1a,Customer 852,Class,2025-06-04,Pending,09:00 AM,120,114,No Facility
d6d3,ddd1,Customer 853,Facility,2025-05-19,Confirmed,02:00 PM,84,16,Play Area
d3ed,46fa,Customer 854,Birthday Party,2025-04-08,Pending,03:00 PM,45,289,Play Area
7a3b,a862,Customer 855,Facility,2025-06-01,Pending,09:00 AM,90,273,Party Room
eef5,de90,Customer 856,Class,2025-05-18,Pending,01:00 PM,120,84,No Facility
2344,66a2,Customer 857,Facility,2025-04-21,Confirmed,11:00 AM,90,100,Play Area
54ca,25ae,Customer 858,Class,2025-05-23,Confirmed,02:00 PM,84,226,No Facility
1737,420b,Customer 859,Class,2025-06-09,Confirmed,02:00 PM,84,256,No Facility
8c6a,ea9e,Customer 860,Facility,2025-04-11,Confirmed,11:00 AM,45,104,Party Room
8ddd,d515,Customer 861,Class,2025-03-29,Pending,03:00 PM,120,121,No Facility
60f5,451a,Customer 862,Facility,2025-05-27,Pending,02:00 PM,84,83,Play Area
b8bc,1645,Customer 863,Facility,2025-04-20,Confirmed,02:00 PM,84,171,Play Area
127b,a4dc,Customer 864,Birthday Party,2025-05-22,Pending,03:00 PM,120,113,Party Room
ff20,9f01,Customer 865,Birthday Party,2025-05-18,Pending,12:00 PM,45,181,Play Area
4999,f47d,Customer 866,Birthday Party,2025-05-24,Pending,02:00 PM,84,290,Play Area
38f3,4de9,Customer 867,Facility,2025-06-21,Confirmed,11:00 AM,120,0,Party Room
0bb9,01cd,Customer 868,Facility,2025-06-21,Pending,02:00 PM,84,93,Party Room
dcad,bb1e,Customer 869,Facility,2025-06-11,Confirmed,02:00 PM,84,0,Play Area
0d2d,17ae,Customer 870,Class,2025-04-05,Confirmed,10:00 AM,90,97,No Facility
1ac2,418b,Customer 871,Class,2025-06-16,Confirmed,10:00 AM,45,192,No Facility
0f3d,5435,Customer 872,Class,2025-05-31,Confirmed,01:00 PM,90,179,No Facility
1ef6,f880,Customer 873,Facility,2025-04-09,Pending,04:00 PM,45,33,Party Room
d7fa,0949,Customer 874,Class,2025-06-16,Confirmed,09:00 AM,45,0,No Facility
bcc7,ab08,Customer 875,Facility,2025-04-10,Pending,12:00 PM,45,197,Play Area
2576,eaa7,Customer 876,Class,2025-06-08,Pending,02:00 PM,84,63,No Facility
3cec,e68b,Customer 877,Birthday Party,2025-04-28,Confirmed,09:00 AM,45,115,Play Area
48f5,b52e,Customer 878,Class,2025-03-27,Pending,09:00 AM,90,274,No Facility
f975,ca93,Customer 879,Facility,2025-03-27,Pending,09:00 AM,45,0,Play Area
facf,5792,Customer 880,Facility,2025-05-03,Pending,12:00 PM,90,40,Play Area
c9d3,ea4f,Customer 881,Birthday Party,2025-06-13,Confirmed,10:00 AM,45,89,Play Area
135a,8bd1,Customer 882,Class,2025-06-06,Confirmed,12:00 PM,90,232,No Facility
7eff,eca7,Customer 883,Birthday Party,2025-04-05,Pending,11:00 AM,45,78,Party Room
c05a,26a8,Customer 884,Facility,2025-04-25,Pending,02:00 PM,84,0,Party Room
ab2e,9891,Customer 885,Birthday Party,2025-05-03,Confirmed,10:00 AM,90,258,Play Area
0dba,b89f,Customer 886,Birthday Party,2025-04-27,Pending,03:00 PM,90,202,Party Room
0533,f3ef,Customer 887,Birthday Party,2025-04-01,Pending,02:00 PM,84,146,Play Area
53b5,2c56,Customer 888,Facility,2025-03-27,Pending,02:00 PM,45,192,Play Area
c351,8cab,Customer 889,Facility,2025-06-07,Pending,04:00 PM,90,0,Party Room
cef4,9554,Customer 890,Class,2025-05-20,Confirmed,01:00 PM,120,250,No Facility
33ed,1fc1,Customer 891,Class,2025-03-30,Confirmed,02:00 PM,84,205,No Facility
0cce,11eb,Customer 892,Birthday Party,2025-03-26,Confirmed,04:00 PM,120,195,Play Area
c4e2,4083,Customer 893,Birthday Party,2025-04-08,Confirmed,11:00 AM,120,17,Party Room
4a51,ba3c,Customer 894,Class,2025-04-05,Pending,01:00 PM,120,173,No Facility
69b6,a50c,Customer 895,Birthday Party,2025-04-02,Confirmed,01:00 PM,90,155,Party Room
a2a7,7ab7,Customer 896,Birthday Party,2025-04-10,Pending,02:00 PM,90,0,Play Area
2484,5bbe,Customer 897,Facility,2025-04-10,Pending,11:00 AM,90,123,Play Area
9b13,2e3e,Customer 898,Facility,2025-06-07,Confirmed,09:00 AM,45,23,Play Area
9792,167d,Customer 899,Facility,2025-05-26,Confirmed,11:00 AM,90,67,Play Area
ebf9,fb7b,Customer 900,Birthday Party,2025-04-04,Confirmed,05:00 PM,45,68,Play Area
ca6a,7f26,Customer 901,Facility,2025-05-04,Pending,10:00 AM,45,95,Party Room
82b0,e1ef,Customer 902,Facility,2025-04-11,Confirmed,04:00 PM,90,255,Play Area
5e1b,1d86,Customer 903,Class,2025-04-01,Confirmed,11:00 AM,45,276,No Facility
b08b,26e3,Customer 904,Birthday Party,2025-05-05,Pending,01:00 PM,120,287,Play Area
97e6,622c,Customer 905,Birthday Party,2025-04-13,Pending,04:00 PM,120,159,Party Room
6aff,f656,Customer 906,Facility,2025-03-25,Confirmed,02:00 PM,84,92,Play Area
83ed,e96a,Customer 907,Facility,2025-05-18,Pending,12:00 PM,90,237,Play Area
3f99,719c,Customer 908,Facility,2025-04-22,Confirmed,04:00 PM,120,0,Party Room
ab86,db41,Customer 909,Facility,2025-06-05,Pending,11:00 AM,120,232,Play Area
6f04,b493,Customer 910,Class,2025-04-19,Confirmed,04:00 PM,120,289,No Facility
0072,aa18,Customer 911,Facility,2025-05-18,Pending,02:00 PM,120,79,Party Room
cd5a,873c,Customer 912,Facility,2025-04-28,Pending,02:00 PM,84,0,Play Area
3c6f,94ee,Customer 913,Class,2025-06-11,Confirmed,02:00 PM,84,0,No Facility
fee3,7539,Customer 914,Facility,2025-06-01,Pending,12:00 PM,90,200,Play Area
99c7,13f1,Customer 915,Facility,2025-06-06,Confirmed,01:00 PM,90,215,Party Room
500b,bdbe,Customer 916,Class,2025-06-07,Confirmed,01:00 PM,45,105,No Facility
0c04,dde7,Customer 917,Facility,2025-06-15,Pending,02:00 PM,45,269,Play Area
23f1,a50c,Customer 918,Class,2025-04-07,Confirmed,11:00 AM,45,0,No Facility
45cc,4ec8,Customer 919,Birthday Party,2025-04-14,Confirmed,10:00 AM,45,263,Party Room
0c00,adac,Customer 920,Birthday Party,2025-05-28,Pending,11:00 AM,120,101,Party Room
d9ad,8c09,Customer 921,Birthday Party,2025-04-19,Pending,03:00 PM,90,288,Play Area
2de4,6995,Customer 922,Facility,2025-05-26,Pending,10:00 AM,120,16,Play Area
4573,20f7,Customer 923,Birthday Party,2025-03-26,Confirmed,02:00 PM,120,0,Play Area
a51c,62ab,Customer 924,Birthday Party,2025-04-03,Pending,02:00 PM,120,221,Play Area
d121,1ec3,Customer 925,Class,2025-05-18,Pending,12:00 PM,45,159,No Facility
dbd9,78a3,Customer 926,Birthday Party,2025-04-28,Pending,02:00 PM,84,232,Play Area
8835,47c0,Customer 927,Class,2025-05-09,Confirmed,10:00 AM,45,222,No Facility
bc06,11ce,Customer 928,Facility,2025-06-02,Pending,03:00 PM,120,93,Party Room
3d20,1f70,Customer 929,Class,2025-05-30,Confirmed,05:00 PM,120,38,No Facility
537a,8599,Customer 930,Facility,2025-05-24,Pending,02:00 PM,90,139,Party Room
2717,b405,Customer 931,Class,2025-05-13,Confirmed,05:00 PM,120,123,No Facility
5be6,d3c9,Customer 932,Class,2025-05-20,Confirmed,02:00 PM,84,195,No Facility
657d,53f6,Customer 933,Birthday Party,2025-06-08,Pending,02:00 PM,84,261,Play Area
7ecc,c1a0,Customer 934,Facility,2025-04-17,Pending,10:00 AM,120,23,Party Room
b190,476e,Customer 935,Facility,2025-05-14,Pending,05:00 PM,90,215,Play Area
8bd6,98cd,Customer 936,Birthday Party,2025-05-18,Pending,02:00 PM,84,227,Play Area
4666,fcf2,Customer 937,Class,2025-06-11,Confirmed,09:00 AM,90,242,No Facility
66a8,4983,Customer 938,Facility,2025-06-04,Confirmed,12:00 PM,45,148,Party Room
4492,744f,Customer 939,Birthday Party,2025-06-15,Pending,12:00 PM,45,151,Party Room
7552,79e2,Customer 940,Facility,2025-04-11,Pending,02:00 PM,84,252,Play Area
27bb,668e,Customer 941,Class,2025-05-11,Pending,02:00 PM,90,207,No Facility
62bb,63af,Customer 942,Facility,2025-05-29,Confirmed,10:00 AM,45,244,Play Area
368d,7a84,Customer 943,Facility,2025-03-27,Pending,03:00 PM,45,223,Party Room
bfd6,cfa1,Customer 944,Class,2025-06-07,Pending,10:00 AM,90,272,No Facility
9494,21fb,Customer 945,Birthday Party,2025-04-21,Confirmed,01:00 PM,120,252,Party Room
bca6,0b26,Customer 946,Birthday Party,2025-04-20,Pending,05:00 PM,90,24,Play Area
b5ae,5436,Customer 947,Class,2025-04-06,Confirmed,04:00 PM,120,161,No Facility
5ac3,ca2b,Customer 948,Facility,2025-05-01,Pending,11:00 AM,45,183,Play Area
63b9,02b9,Customer 949,Birthday Party,2025-05-05,Confirmed,09:00 AM,120,210,Party Room
5100,76cc,Customer 950,Facility,2025-05-12,Confirmed,02:00 PM,84,238,Party Room
7689,c35a,Customer 951,Facility,2025-05-19,Pending,01:00 PM,90,0,Play Area
6290,7f0e,Customer 952,Facility,2025-04-20,Confirmed,01:00 PM,45,0,Party Room
d184,d18b,Customer 953,Birthday Party,2025-05-15,Confirmed,03:00 PM,45,104,Play Area
5da6,a2f3,Customer 954,Facility,2025-04-10,Pending,12:00 PM,120,0,Party Room
c3dc,5777,Customer 955,Facility,2025-06-05,Pending,05:00 PM,90,148,Party Room
4204,c005,Customer 956,Birthday Party,2025-05-01,Pending,02:00 PM,84,49,Play Area
d608,b0f5,Customer 957,Facility,2025-05-31,Pending,12:00 PM,120,144,Play Area
209c,cd25,Customer 958,Class,2025-04-19,Confirmed,02:00 PM,84,0,No Facility
28d5,bd5b,Customer 959,Birthday Party,2025-04-25,Pending,02:00 PM,84,91,Party Room
8671,065a,Customer 960,Birthday Party,2025-04-28,Pending,02:00 PM,120,207,Party Room
7485,ddb2,Customer 961,Class,2025-03-28,Pending,10:00 AM,90,0,No Facility
8e60,b843,Customer 962,Class,2025-03-25,Confirmed,02:00 PM,90,115,No Facility
e60c,4768,Customer 963,Birthday Party,2025-05-18,Pending,09:00 AM,45,145,Play Area
fb16,2797,Customer 964,Facility,2025-04-06,Pending,01:00 PM,45,116,Play Area
71e3,d747,Customer 965,Birthday Party,2025-05-31,Confirmed,02:00 PM,84,146,Party Room
f2b0,2882,Customer 966,Class,2025-05-01,Confirmed,02:00 PM,84,0,No Facility
4fbb,df2c,Customer 967,Facility,2025-04-26,Pending,11:00 AM,90,45,Play Area
ab35,92a0,Customer 968,Birthday Party,2025-05-01,Pending,05:00 PM,90,174,Party Room
f961,940d,Customer 969,Birthday Party,2025-04-25,Pending,09:00 AM,90,180,Party Room
890e,7e14,Customer 970,Class,2025-04-04,Confirmed,12:00 PM,90,179,No Facility
efa8,7c2e,Customer 971,Class,2025-05-09,Confirmed,03:00 PM,45,51,No Facility
ca58,09d5,Customer 972,Class,2025-05-15,Pending,03:00 PM,90,21,No Facility
32c3,d245,Customer 973,Birthday Party,2025-04-16,Confirmed,05:00 PM,120,0,Party Room
7b6a,4f5f,Customer 974,Birthday Party,2025-04-05,Pending,02:00 PM,84,0,Party Room
9903,a502,Customer 975,Facility,2025-06-13,Pending,11:00 AM,45,61,Party Room
5fbc,8a63,Customer 976,Facility,2025-05-28,Confirmed,02:00 PM,120,296,Play Area
c33a,1c79,Customer 977,Facility,2025-03-30,Pending,02:00 PM,84,89,Play Area
4483,831b,Customer 978,Facility,2025-06-18,Pending,12:00 PM,45,166,Play Area
1222,96d8,Customer 979,Birthday Party,2025-04-19,Confirmed,04:00 PM,90,208,Party Room
a680,db1e,Customer 980,Class,2025-06-18,Confirmed,09:00 AM,45,290,No Facility
f4a0,dd56,Customer 981,Birthday Party,2025-05-06,Confirmed,02:00 PM,84,44,Play Area
e526,9750,Customer 982,Class,2025-05-29,Confirmed,04:00 PM,90,191,No Facility
3190,8583,Customer 983,Birthday Party,2025-06-02,Confirmed,03:00 PM,120,181,Party Room
69e7,37ad,Customer 984,Birthday Party,2025-04-30,Pending,09:00 AM,90,37,Play Area
f2d7,7de6,Customer 985,Class,2025-06-12,Confirmed,02:00 PM,120,189,No Facility
b01f,97cf,Customer 986,Class,2025-05-15,Confirmed,04:00 PM,120,64,No Facility
262f,7d53,Customer 987,Facility,2025-04-24,Pending,09:00 AM,120,103,Play Area
a503,3334,Customer 988,Facility,2025-05-24,Pending,02:00 PM,84,105,Play Area
2ff3,46da,Customer 989,Class,2025-03-25,Pending,02:00 PM,84,180,No Facility
3162,4cfe,Customer 990,Birthday Party,2025-06-06,Confirmed,03:00 PM,45,213,Play Area
b9c2,d048,Customer 991,Birthday Party,2025-04-17,Confirmed,03:00 PM,45,231,Party Room
51e6,c097,Customer 992,Class,2025-05-21,Confirmed,02:00 PM,84,237,No Facility
47ed,ba8b,Customer 993,Class,2025-06-10,Pending,12:00 PM,45,120,No Facility
73d4,b694,Customer 994,Class,2025-05-25,Pending,01:00 PM,90,0,No Facility
8ae3,c190,Customer 995,Class,2025-05-17,Pending,04:00 PM,45,142,No Facility
b45c,ea4a,Customer 996,Birthday Party,2025-05-04,Confirmed,02:00 PM,84,105,Party Room
633d,10cd,Customer 997,Class,2025-05-02,Confirmed,02:00 PM,84,119,No Facility
c552,623b,Customer 998,Facility,2025-04-04,Confirmed,05:00 PM,120,173,Party Room
09fb,e483,Customer 999,Facility,2025-05-11,Pending,12:00 PM,120,275,Party Room
552b,d8dd,Customer 1000,Facility,2025-05-05,Confirmed,04:00 PM,120,130,Play Area
